1;27.0;27.0
2;27.0;27.0
3;27.0;27.0
4;27.0;27.0
5;27.0;27.0
6;27.0;27.0
7;23.0;23.0
8;24.5;24.5
9;27.0;27.0
10;30.0;30.0
11;33.0;33.0
12;35.0;35.0
13;35.0;35.0
14;37.0;37.0
15;38.0;38.0
16;39.0;39.0
17;39.0;39.0
18;41.0;41.0
19;41.5;41.5
20;42.5;42.5
21;42.5;42.5
22;43.5;43.5
23;43.5;43.5
24;44.5;44.5
25;44.5;44.5
26;45.0;45.0
27;45.0;45.0
28;45.0;45.0
29;45.5;45.5
30;47.5;47.5
31;47.5;47.5
32;49.0;49.0
33;50.0;50.0
34;50.0;50.0
35;51.0;51.0
36;52.0;52.0
37;53.0;53.0
38;53.5;53.5
39;53.0;53.0
40;55.00000000000001;55.00000000000001
41;56.00000000000001;56.00000000000001
42;56.00000000000001;56.00000000000001
43;57.99999999999999;57.99999999999999
44;59.0;59.0
45;59.0;59.0
46;60.0;60.0
47;61.0;61.0
48;61.0;61.0
49;61.0;61.0
50;61.0;61.0
51;61.5;61.5
52;61.5;61.5
53;63.0;63.0
54;63.0;63.0
55;64.5;64.5
56;66.0;66.0
57;65.5;65.5
58;66.5;66.5
59;67.0;67.0
60;68.0;68.0
61;68.0;68.0
62;69.5;69.5
63;70.0;70.0
64;70.5;70.5
65;71.5;71.5
66;71.5;71.5
67;71.5;71.5
68;73.0;73.0
69;72.5;72.5
70;73.0;73.0
71;73.0;73.0
72;73.0;73.0
73;73.0;73.0
74;73.5;73.5
75;73.5;73.5
76;73.5;73.5
77;74.0;74.0
78;74.5;74.5
79;74.0;74.0
80;75.5;75.5
81;75.5;75.5
82;75.5;75.5
83;76.0;76.0
84;76.0;76.0
85;77.0;77.0
86;77.5;77.5
87;77.5;77.5
88;77.5;77.5
89;77.5;77.5
90;78.0;78.0
91;78.0;78.0
92;78.5;78.5
93;78.5;78.5
94;78.5;78.5
95;79.5;79.5
96;79.5;79.5
97;80.0;80.0
98;80.0;80.0
99;80.5;80.5
100;80.5;80.5
101;80.5;80.5
102;81.0;81.0
103;81.0;81.0
104;81.5;81.5
105;81.5;81.5
106;81.5;81.5
107;81.5;81.5
108;81.5;81.5
109;82.0;82.0
110;82.5;82.5
111;82.5;82.5
112;82.5;82.5
113;82.5;82.5
114;82.5;82.5
115;82.5;82.5
116;82.5;82.5
117;82.5;82.5
118;82.5;82.5
119;82.5;82.5
120;82.5;82.5
121;83.5;83.5
122;83.5;83.5
123;83.5;83.5
124;83.5;83.5
125;83.5;83.5
126;83.5;83.5
127;83.5;83.5
128;83.5;83.5
129;84.0;84.0
130;84.0;84.0
131;83.5;83.5
132;83.5;83.5
133;84.0;84.0
134;84.0;84.0
135;84.0;84.0
136;84.0;84.0
137;84.0;84.0
138;84.0;84.0
139;84.0;84.0
140;84.0;84.0
141;84.0;84.0
142;84.0;84.0
143;84.0;84.0
144;84.5;84.5
145;84.5;84.5
146;84.5;84.5
147;84.5;84.5
148;84.5;84.5
149;85.0;85.0
150;85.0;85.0
151;85.0;85.0
152;85.5;85.5
153;85.5;85.5
154;86.0;86.0
155;84.5;84.5
156;84.5;84.5
157;84.5;84.5
158;84.5;84.5
159;85.0;85.0
160;85.0;85.0
161;84.5;84.5
162;84.5;84.5
163;84.5;84.5
164;85.0;85.0
165;85.0;85.0
166;84.5;84.5
167;84.5;84.5
168;85.0;85.0
169;85.5;85.5
170;85.0;85.0
171;85.0;85.0
172;85.0;85.0
173;84.5;84.5
174;85.0;85.0
175;84.5;84.5
176;84.5;84.5
177;84.5;84.5
178;84.5;84.5
179;85.0;85.0
180;85.5;85.5
181;85.5;85.5
182;85.5;85.5
183;85.5;85.5
184;85.5;85.5
185;85.5;85.5
186;85.5;85.5
187;85.5;85.5
188;85.5;85.5
189;85.5;85.5
190;85.5;85.5
191;85.5;85.5
192;85.5;85.5
193;85.5;85.5
194;85.5;85.5
195;86.0;86.0
196;86.0;86.0
197;86.0;86.0
198;86.0;86.0
199;86.5;86.5
200;86.5;86.5
201;87.0;87.0
202;87.0;87.0
203;86.0;86.0
204;86.0;86.0
205;86.5;86.5
206;87.0;87.0
207;87.0;87.0
208;87.0;87.0
209;87.0;87.0
210;86.0;86.0
211;87.0;87.0
212;87.0;87.0
213;87.0;87.0
214;87.0;87.0
215;87.0;87.0
216;87.0;87.0
217;87.0;87.0
218;87.5;87.5
219;87.5;87.5
220;87.5;87.5
221;87.5;87.5
222;87.5;87.5
223;87.5;87.5
224;87.5;87.5
225;87.5;87.5
226;88.0;88.0
227;88.0;88.0
228;88.0;88.0
229;88.0;88.0
230;88.5;88.5
231;87.5;87.5
232;88.0;88.0
233;88.0;88.0
234;88.0;88.0
235;88.0;88.0
236;88.0;88.0
237;88.0;88.0
238;88.0;88.0
239;88.0;88.0
240;88.0;88.0
241;88.0;88.0
242;88.0;88.0
243;88.0;88.0
244;88.0;88.0
245;88.5;88.5
246;88.5;88.5
247;88.5;88.5
248;88.5;88.5
249;88.5;88.5
250;88.5;88.5
251;88.5;88.5
252;88.5;88.5
253;88.5;88.5
254;88.5;88.5
255;88.5;88.5
256;88.5;88.5
257;88.5;88.5
258;88.5;88.5
259;88.5;88.5
260;88.5;88.5
261;88.5;88.5
262;88.5;88.5
263;89.0;89.0
264;89.5;89.5
265;89.5;89.5
266;89.5;89.5
267;89.5;89.5
268;89.5;89.5
269;89.5;89.5
270;89.5;89.5
271;89.5;89.5
272;89.5;89.5
273;89.5;89.5
274;89.5;89.5
275;89.5;89.5
276;89.5;89.5
277;89.5;89.5
278;89.5;89.5
279;89.0;89.0
280;89.0;89.0
281;89.0;89.0
282;88.5;88.5
283;89.0;89.0
284;89.0;89.0
285;89.0;89.0
286;89.0;89.0
287;89.0;89.0
288;89.0;89.0
289;89.0;89.0
290;89.0;89.0
291;89.0;89.0
292;89.0;89.0
293;89.0;89.0
294;89.0;89.0
295;89.0;89.0
296;89.0;89.0
297;89.0;89.0
298;88.5;88.5
299;89.0;89.0
300;89.0;89.0
301;89.0;89.0
302;89.0;89.0
303;89.5;89.5
304;89.5;89.5
305;89.5;89.5
306;89.5;89.5
307;89.5;89.5
308;89.5;89.5
309;89.5;89.5
310;89.5;89.5
311;89.5;89.5
312;89.5;89.5
313;89.5;89.5
314;89.5;89.5
315;89.5;89.5
316;89.0;89.0
317;89.0;89.0
318;89.0;89.0
319;89.0;89.0
320;89.5;89.5
321;89.5;89.5
322;89.5;89.5
323;89.5;89.5
324;89.5;89.5
325;89.5;89.5
326;89.5;89.5
327;89.5;89.5
328;89.5;89.5
329;89.5;89.5
330;89.5;89.5
331;89.5;89.5
332;89.5;89.5
333;89.5;89.5
334;89.5;89.5
335;89.5;89.5
336;89.5;89.5
337;89.5;89.5
338;89.5;89.5
339;89.5;89.5
340;89.5;89.5
341;89.5;89.5
342;89.5;89.5
343;89.5;89.5
344;89.5;89.5
345;89.5;89.5
346;89.5;89.5
347;89.5;89.5
348;89.5;89.5
349;89.5;89.5
350;89.5;89.5
351;89.5;89.5
352;89.5;89.5
353;89.5;89.5
354;89.5;89.5
355;89.5;89.5
356;89.5;89.5
357;89.5;89.5
358;89.5;89.5
359;89.5;89.5
360;89.5;89.5
361;89.5;89.5
362;89.5;89.5
363;89.5;89.5
364;89.5;89.5
365;89.5;89.5
366;89.5;89.5
367;89.5;89.5
368;89.5;89.5
369;89.5;89.5
370;89.5;89.5
371;89.5;89.5
372;90.0;90.0
373;90.0;90.0
374;90.0;90.0
375;90.0;90.0
376;90.0;90.0
377;90.0;90.0
378;90.0;90.0
379;90.0;90.0
380;90.0;90.0
381;90.5;90.5
382;90.5;90.5
383;90.5;90.5
384;90.5;90.5
385;90.5;90.5
386;90.5;90.5
387;90.5;90.5
388;90.5;90.5
389;90.5;90.5
390;90.5;90.5
391;90.5;90.5
392;90.5;90.5
393;90.5;90.5
394;90.5;90.5
395;90.5;90.5
396;90.5;90.5
397;90.5;90.5
398;90.5;90.5
399;90.5;90.5
400;90.5;90.5
401;90.5;90.5
402;90.5;90.5
403;90.5;90.5
404;90.5;90.5
405;90.5;90.5
406;90.5;90.5
407;90.5;90.5
408;90.5;90.5
409;90.5;90.5
410;90.5;90.5
411;90.5;90.5
412;90.5;90.5
413;90.5;90.5
414;90.5;90.5
415;90.5;90.5
416;90.5;90.5
417;90.5;90.5
418;90.5;90.5
419;90.5;90.5
420;90.5;90.5
421;90.5;90.5
422;90.5;90.5
423;90.5;90.5
424;90.5;90.5
425;90.5;90.5
426;90.5;90.5
427;90.5;90.5
428;90.5;90.5
429;90.5;90.5
430;90.5;90.5
431;90.5;90.5
432;90.5;90.5
433;90.5;90.5
434;90.5;90.5
435;90.5;90.5
436;90.5;90.5
437;90.5;90.5
438;90.5;90.5
439;90.5;90.5
440;90.5;90.5
441;90.5;90.5
442;90.5;90.5
443;90.5;90.5
444;90.5;90.5
445;90.5;90.5
446;90.5;90.5
447;90.5;90.5
448;90.5;90.5
449;90.5;90.5
450;90.5;90.5
451;90.5;90.5
452;90.5;90.5
453;90.5;90.5
454;90.5;90.5
455;90.5;90.5
456;90.5;90.5
457;90.5;90.5
458;90.5;90.5
459;90.5;90.5
460;90.5;90.5
461;90.5;90.5
462;90.5;90.5
463;90.5;90.5
464;90.5;90.5
465;90.5;90.5
466;90.5;90.5
467;90.5;90.5
468;90.5;90.5
469;90.5;90.5
470;90.5;90.5
471;90.5;90.5
472;90.5;90.5
473;90.5;90.5
474;90.5;90.5
475;91.0;91.0
476;91.0;91.0
477;91.0;91.0
478;91.0;91.0
479;91.0;91.0
480;91.0;91.0
481;91.0;91.0
482;91.0;91.0
483;91.0;91.0
484;91.0;91.0
485;91.0;91.0
486;91.0;91.0
487;91.0;91.0
488;91.0;91.0
489;91.0;91.0
490;91.0;91.0
491;91.0;91.0
492;91.0;91.0
493;91.0;91.0
494;91.0;91.0
495;91.0;91.0
496;91.0;91.0
497;91.0;91.0
498;91.0;91.0
499;91.0;91.0
500;91.0;91.0
501;91.0;91.0
502;91.0;91.0
503;91.0;91.0
504;91.0;91.0
505;91.0;91.0
506;91.0;91.0
507;91.0;91.0
508;91.0;91.0
509;91.0;91.0
510;91.0;91.0
511;91.0;91.0
512;91.0;91.0
513;91.0;91.0
514;91.0;91.0
515;91.5;91.5
516;91.5;91.5
517;91.5;91.5
518;91.5;91.5
519;91.5;91.5
520;91.5;91.5
521;91.5;91.5
522;91.5;91.5
523;91.5;91.5
524;91.5;91.5
525;91.5;91.5
526;91.5;91.5
527;91.5;91.5
528;91.5;91.5
529;91.5;91.5
530;91.5;91.5
531;91.5;91.5
532;91.5;91.5
533;91.5;91.5
534;91.5;91.5
535;91.5;91.5
536;91.5;91.5
537;91.5;91.5
538;91.5;91.5
539;91.5;91.5
540;91.5;91.5
541;91.5;91.5
542;91.5;91.5
543;91.5;91.5
544;91.5;91.5
545;91.5;91.5
546;91.5;91.5
547;91.5;91.5
548;91.5;91.5
549;91.5;91.5
550;91.5;91.5
551;91.5;91.5
552;91.5;91.5
553;91.5;91.5
554;91.5;91.5
555;91.5;91.5
556;91.5;91.5
557;91.5;91.5
558;91.5;91.5
559;91.5;91.5
560;91.5;91.5
561;91.5;91.5
562;91.5;91.5
563;91.5;91.5
564;91.5;91.5
565;91.5;91.5
566;91.5;91.5
567;91.5;91.5
568;91.5;91.5
569;91.5;91.5
570;91.5;91.5
571;91.5;91.5
572;91.5;91.5
573;91.5;91.5
574;91.5;91.5
575;91.5;91.5
576;91.5;91.5
577;91.5;91.5
578;91.5;91.5
579;91.5;91.5
580;91.5;91.5
581;91.5;91.5
582;91.5;91.5
583;91.5;91.5
584;91.5;91.5
585;91.5;91.5
586;91.5;91.5
587;91.5;91.5
588;91.5;91.5
589;91.5;91.5
590;91.5;91.5
591;91.0;91.0
592;91.0;91.0
593;91.5;91.5
594;91.0;91.0
595;91.0;91.0
596;91.5;91.5
597;91.0;91.0
598;91.0;91.0
599;91.5;91.5
600;91.0;91.0
601;91.5;91.5
602;91.0;91.0
603;91.5;91.5
604;91.5;91.5
605;91.5;91.5
606;91.5;91.5
607;91.5;91.5
608;91.5;91.5
609;91.5;91.5
610;91.5;91.5
611;91.5;91.5
612;91.5;91.5
613;91.5;91.5
614;91.5;91.5
615;91.5;91.5
616;91.5;91.5
617;91.5;91.5
618;91.5;91.5
619;91.5;91.5
620;91.5;91.5
621;91.0;91.0
622;91.0;91.0
623;91.0;91.0
624;91.0;91.0
625;91.0;91.0
626;91.0;91.0
627;91.0;91.0
628;91.0;91.0
629;91.0;91.0
630;91.0;91.0
631;91.0;91.0
632;91.0;91.0
633;91.0;91.0
634;91.0;91.0
635;91.0;91.0
636;91.0;91.0
637;91.0;91.0
638;91.0;91.0
639;91.0;91.0
640;91.0;91.0
641;91.0;91.0
642;91.0;91.0
643;91.0;91.0
644;91.0;91.0
645;91.0;91.0
646;91.0;91.0
647;91.0;91.0
648;91.0;91.0
649;91.0;91.0
650;91.0;91.0
651;91.0;91.0
652;91.0;91.0
653;91.0;91.0
654;90.5;90.5
655;90.5;90.5
656;91.0;91.0
657;91.0;91.0
658;90.5;90.5
659;91.0;91.0
660;91.0;91.0
661;90.5;90.5
662;90.5;90.5
663;91.0;91.0
664;90.5;90.5
665;90.5;90.5
666;91.0;91.0
667;91.0;91.0
668;90.5;90.5
669;90.5;90.5
670;91.0;91.0
671;91.0;91.0
672;90.5;90.5
673;91.0;91.0
674;90.5;90.5
675;91.0;91.0
676;91.0;91.0
677;91.0;91.0
678;91.0;91.0
679;91.0;91.0
680;91.0;91.0
681;91.0;91.0
682;91.0;91.0
683;91.0;91.0
684;91.0;91.0
685;91.0;91.0
686;91.0;91.0
687;91.0;91.0
688;91.0;91.0
689;91.0;91.0
690;91.0;91.0
691;91.0;91.0
692;90.5;90.5
693;91.0;91.0
694;91.0;91.0
695;91.5;91.5
696;90.5;90.5
697;90.5;90.5
698;91.5;91.5
699;90.5;90.5
700;90.5;90.5
701;91.5;91.5
702;90.5;90.5
703;90.5;90.5
704;91.5;91.5
705;90.5;90.5
706;90.5;90.5
707;90.5;90.5
708;91.5;91.5
709;90.5;90.5
710;90.5;90.5
711;90.5;90.5
712;90.5;90.5
713;90.5;90.5
714;91.5;91.5
715;91.5;91.5
716;91.5;91.5
717;91.5;91.5
718;91.5;91.5
719;91.5;91.5
720;92.0;92.0
721;91.5;91.5
722;91.5;91.5
723;91.5;91.5
724;91.5;91.5
725;91.5;91.5
726;91.5;91.5
727;91.5;91.5
728;91.5;91.5
729;91.5;91.5
730;91.5;91.5
731;91.5;91.5
732;92.0;92.0
733;91.5;91.5
734;91.5;91.5
735;91.5;91.5
736;91.5;91.5
737;91.5;91.5
738;91.5;91.5
739;91.5;91.5
740;91.5;91.5
741;91.5;91.5
742;91.5;91.5
743;91.5;91.5
744;91.5;91.5
745;91.5;91.5
746;91.5;91.5
747;92.0;92.0
748;91.5;91.5
749;91.5;91.5
750;91.5;91.5
751;91.5;91.5
752;91.5;91.5
753;91.5;91.5
754;91.5;91.5
755;91.5;91.5
756;91.5;91.5
757;91.5;91.5
758;92.0;92.0
759;91.5;91.5
760;91.5;91.5
761;91.5;91.5
762;91.5;91.5
763;91.5;91.5
764;91.5;91.5
765;91.5;91.5
766;91.5;91.5
767;91.5;91.5
768;91.5;91.5
769;91.5;91.5
770;91.5;91.5
771;91.5;91.5
772;91.5;91.5
773;92.5;92.5
774;91.5;91.5
775;91.5;91.5
776;92.5;92.5
777;92.5;92.5
778;92.5;92.5
779;92.5;92.5
780;92.5;92.5
781;92.5;92.5
782;92.5;92.5
783;92.5;92.5
784;92.5;92.5
785;92.5;92.5
786;92.5;92.5
787;92.5;92.5
788;92.5;92.5
789;92.5;92.5
790;92.5;92.5
791;92.5;92.5
792;92.5;92.5
793;92.5;92.5
794;92.5;92.5
795;92.5;92.5
796;92.5;92.5
797;92.5;92.5
798;92.5;92.5
799;92.5;92.5
800;92.5;92.5
801;92.5;92.5
802;92.5;92.5
803;92.5;92.5
804;92.5;92.5
805;92.5;92.5
806;92.5;92.5
807;92.5;92.5
808;92.5;92.5
809;92.5;92.5
810;92.5;92.5
811;92.5;92.5
812;92.5;92.5
813;92.5;92.5
814;92.5;92.5
815;92.5;92.5
816;92.5;92.5
817;92.5;92.5
818;92.5;92.5
819;92.5;92.5
820;92.5;92.5
821;92.5;92.5
822;92.5;92.5
823;92.5;92.5
824;92.5;92.5
825;92.5;92.5
826;92.5;92.5
827;92.5;92.5
828;92.5;92.5
829;92.5;92.5
830;92.5;92.5
831;92.5;92.5
832;92.5;92.5
833;92.5;92.5
834;92.5;92.5
835;92.5;92.5
836;92.5;92.5
837;92.5;92.5
838;92.5;92.5
839;92.5;92.5
840;92.5;92.5
841;92.5;92.5
842;92.5;92.5
843;92.5;92.5
844;92.5;92.5
845;92.5;92.5
846;92.5;92.5
847;92.5;92.5
848;92.5;92.5
849;92.5;92.5
850;92.5;92.5
851;92.5;92.5
852;92.5;92.5
853;92.5;92.5
854;92.5;92.5
855;92.5;92.5
856;92.5;92.5
857;93.0;93.0
858;92.5;92.5
859;92.5;92.5
860;93.0;93.0
861;92.5;92.5
862;92.5;92.5
863;93.0;93.0
864;92.5;92.5
865;92.5;92.5
866;93.0;93.0
867;92.5;92.5
868;92.5;92.5
869;93.0;93.0
870;92.5;92.5
871;92.5;92.5
872;92.5;92.5
873;92.5;92.5
874;93.0;93.0
875;92.5;92.5
876;93.0;93.0
877;93.0;93.0
878;93.0;93.0
879;93.0;93.0
880;93.0;93.0
881;93.0;93.0
882;93.0;93.0
883;93.0;93.0
884;93.0;93.0
885;93.0;93.0
886;93.0;93.0
887;93.0;93.0
888;93.0;93.0
889;93.0;93.0
890;93.0;93.0
891;93.0;93.0
892;93.0;93.0
893;93.0;93.0
894;93.0;93.0
895;93.0;93.0
896;92.5;92.5
897;92.5;92.5
898;92.5;92.5
899;92.5;92.5
900;92.5;92.5
901;92.5;92.5
902;92.5;92.5
903;92.5;92.5
904;92.5;92.5
905;92.5;92.5
906;92.5;92.5
907;92.5;92.5
908;92.5;92.5
909;92.5;92.5
910;92.5;92.5
911;92.5;92.5
912;92.5;92.5
913;92.5;92.5
914;92.5;92.5
915;92.5;92.5
916;92.5;92.5
917;92.5;92.5
918;92.5;92.5
919;92.5;92.5
920;92.5;92.5
921;92.5;92.5
922;92.5;92.5
923;92.5;92.5
924;92.5;92.5
925;92.5;92.5
926;92.5;92.5
927;92.5;92.5
928;92.5;92.5
929;92.5;92.5
930;92.5;92.5
931;92.5;92.5
932;92.5;92.5
933;92.5;92.5
934;92.5;92.5
935;92.5;92.5
936;92.5;92.5
937;92.5;92.5
938;92.5;92.5
939;92.5;92.5
940;92.5;92.5
941;92.5;92.5
942;92.5;92.5
943;93.0;93.0
944;93.0;93.0
945;93.0;93.0
946;93.0;93.0
947;93.0;93.0
948;93.0;93.0
949;93.0;93.0
950;93.0;93.0
951;93.0;93.0
952;93.0;93.0
953;93.0;93.0
954;93.0;93.0
955;93.0;93.0
956;93.0;93.0
957;93.0;93.0
958;93.0;93.0
959;93.0;93.0
960;93.0;93.0
961;93.0;93.0
962;93.0;93.0
963;93.0;93.0
964;93.0;93.0
965;93.0;93.0
966;93.0;93.0
967;93.0;93.0
968;93.0;93.0
969;93.0;93.0
970;93.5;93.5
971;93.0;93.0
972;93.5;93.5
973;93.5;93.5
974;93.5;93.5
975;93.5;93.5
976;93.5;93.5
977;93.5;93.5
978;93.5;93.5
979;93.5;93.5
980;93.5;93.5
981;93.5;93.5
982;93.5;93.5
983;93.5;93.5
984;93.5;93.5
985;93.5;93.5
986;93.5;93.5
987;93.5;93.5
988;93.5;93.5
989;93.5;93.5
990;93.5;93.5
991;93.5;93.5
992;93.5;93.5
993;93.5;93.5
994;93.5;93.5
995;93.5;93.5
996;93.5;93.5
997;93.5;93.5
998;93.5;93.5
999;93.5;93.5
1000;93.5;93.5
1001;93.5;93.5
1002;93.5;93.5
1003;93.5;93.5
1004;93.5;93.5
1005;93.5;93.5
1006;93.5;93.5
1007;93.5;93.5
1008;93.5;93.5
1009;93.5;93.5
1010;93.5;93.5
1011;93.0;93.0
1012;93.0;93.0
1013;93.0;93.0
1014;93.0;93.0
1015;93.0;93.0
1016;93.0;93.0
1017;93.0;93.0
1018;93.0;93.0
1019;93.0;93.0
1020;93.0;93.0
1021;93.0;93.0
1022;93.0;93.0
1023;93.0;93.0
1024;93.0;93.0
1025;93.0;93.0
1026;93.0;93.0
1027;93.0;93.0
1028;93.0;93.0
1029;93.0;93.0
1030;93.0;93.0
1031;93.0;93.0
1032;93.0;93.0
1033;93.0;93.0
1034;93.0;93.0
1035;93.0;93.0
1036;93.0;93.0
1037;93.0;93.0
1038;93.0;93.0
1039;93.0;93.0
1040;93.0;93.0
1041;93.0;93.0
1042;93.0;93.0
1043;93.0;93.0
1044;93.5;93.5
1045;93.0;93.0
1046;93.0;93.0
1047;93.5;93.5
1048;93.0;93.0
1049;93.0;93.0
1050;93.5;93.5
1051;93.0;93.0
1052;93.0;93.0
1053;93.5;93.5
1054;93.5;93.5
1055;93.5;93.5
1056;93.5;93.5
1057;93.5;93.5
1058;93.5;93.5
1059;93.5;93.5
1060;93.5;93.5
1061;93.5;93.5
1062;93.5;93.5
1063;93.5;93.5
1064;93.5;93.5
1065;93.5;93.5
1066;93.5;93.5
1067;93.5;93.5
1068;93.5;93.5
1069;93.5;93.5
1070;93.5;93.5
1071;93.5;93.5
1072;93.5;93.5
1073;93.5;93.5
1074;93.5;93.5
1075;93.5;93.5
1076;93.5;93.5
1077;93.5;93.5
1078;93.5;93.5
1079;93.5;93.5
1080;93.5;93.5
1081;93.5;93.5
1082;93.5;93.5
1083;93.5;93.5
1084;93.5;93.5
1085;93.5;93.5
1086;93.5;93.5
1087;93.5;93.5
1088;93.5;93.5
1089;93.5;93.5
1090;93.5;93.5
1091;93.5;93.5
1092;93.5;93.5
1093;93.5;93.5
1094;93.5;93.5
1095;93.5;93.5
1096;93.5;93.5
1097;93.5;93.5
1098;93.5;93.5
1099;93.5;93.5
1100;93.5;93.5
1101;93.5;93.5
1102;93.5;93.5
1103;93.5;93.5
1104;93.5;93.5
1105;93.5;93.5
1106;93.5;93.5
1107;93.5;93.5
1108;93.5;93.5
1109;93.5;93.5
1110;93.5;93.5
1111;93.5;93.5
1112;93.5;93.5
1113;93.5;93.5
1114;93.5;93.5
1115;93.5;93.5
1116;93.5;93.5
1117;93.5;93.5
1118;93.5;93.5
1119;93.5;93.5
1120;93.5;93.5
1121;93.5;93.5
1122;93.5;93.5
1123;93.5;93.5
1124;93.5;93.5
1125;93.5;93.5
1126;93.5;93.5
1127;93.5;93.5
1128;93.5;93.5
1129;93.5;93.5
1130;93.5;93.5
1131;93.0;93.0
1132;93.0;93.0
1133;93.0;93.0
1134;93.5;93.5
1135;93.0;93.0
1136;93.5;93.5
1137;93.5;93.5
1138;93.5;93.5
1139;93.5;93.5
1140;93.5;93.5
1141;93.5;93.5
1142;93.5;93.5
1143;93.5;93.5
1144;93.5;93.5
1145;93.5;93.5
1146;93.5;93.5
1147;93.5;93.5
1148;93.5;93.5
1149;93.5;93.5
1150;93.5;93.5
1151;93.5;93.5
1152;93.5;93.5
1153;93.5;93.5
1154;93.5;93.5
1155;93.5;93.5
1156;93.5;93.5
1157;93.5;93.5
1158;93.5;93.5
1159;93.5;93.5
1160;93.5;93.5
1161;93.5;93.5
1162;93.5;93.5
1163;93.5;93.5
1164;93.5;93.5
1165;93.5;93.5
1166;93.5;93.5
1167;93.5;93.5
1168;93.5;93.5
1169;93.5;93.5
1170;93.5;93.5
1171;93.5;93.5
1172;93.5;93.5
1173;93.5;93.5
1174;93.5;93.5
1175;93.5;93.5
1176;93.5;93.5
1177;93.5;93.5
1178;93.5;93.5
1179;93.5;93.5
1180;93.5;93.5
1181;93.5;93.5
1182;93.5;93.5
1183;93.5;93.5
1184;93.5;93.5
1185;93.5;93.5
1186;93.5;93.5
1187;93.5;93.5
1188;93.5;93.5
1189;93.5;93.5
1190;93.5;93.5
1191;93.5;93.5
1192;93.5;93.5
1193;93.5;93.5
1194;93.5;93.5
1195;93.5;93.5
1196;93.5;93.5
1197;93.5;93.5
1198;93.5;93.5
1199;93.5;93.5
1200;93.5;93.5
1201;93.5;93.5
1202;93.5;93.5
1203;93.5;93.5
1204;93.5;93.5
1205;93.5;93.5
1206;93.5;93.5
1207;93.5;93.5
1208;93.5;93.5
1209;93.5;93.5
1210;93.5;93.5
1211;93.5;93.5
1212;93.5;93.5
1213;93.5;93.5
1214;93.5;93.5
1215;93.5;93.5
1216;93.5;93.5
1217;93.5;93.5
1218;93.5;93.5
1219;93.5;93.5
1220;93.5;93.5
1221;93.5;93.5
1222;93.5;93.5
1223;93.5;93.5
1224;93.5;93.5
1225;93.5;93.5
1226;93.5;93.5
1227;93.5;93.5
1228;93.5;93.5
1229;93.5;93.5
1230;93.5;93.5
1231;93.5;93.5
1232;93.5;93.5
1233;93.5;93.5
1234;93.5;93.5
1235;93.5;93.5
1236;93.5;93.5
1237;93.5;93.5
1238;93.5;93.5
1239;93.5;93.5
1240;93.5;93.5
1241;93.5;93.5
1242;93.5;93.5
1243;93.5;93.5
1244;93.5;93.5
1245;93.5;93.5
1246;93.5;93.5
1247;93.5;93.5
1248;93.5;93.5
1249;93.5;93.5
1250;93.5;93.5
1251;93.5;93.5
1252;93.5;93.5
1253;93.5;93.5
1254;93.5;93.5
1255;93.5;93.5
1256;93.5;93.5
1257;93.5;93.5
1258;93.5;93.5
1259;93.5;93.5
1260;93.5;93.5
1261;93.5;93.5
1262;93.5;93.5
1263;93.5;93.5
1264;93.5;93.5
1265;93.5;93.5
1266;93.5;93.5
1267;93.5;93.5
1268;93.5;93.5
1269;93.5;93.5
1270;93.5;93.5
1271;93.5;93.5
1272;93.5;93.5
1273;93.5;93.5
1274;93.5;93.5
1275;93.5;93.5
1276;93.5;93.5
1277;93.5;93.5
1278;93.5;93.5
1279;93.5;93.5
1280;93.5;93.5
1281;93.5;93.5
1282;93.5;93.5
1283;93.5;93.5
1284;93.5;93.5
1285;93.5;93.5
1286;93.5;93.5
1287;93.5;93.5
1288;93.5;93.5
1289;93.5;93.5
1290;93.5;93.5
1291;93.5;93.5
1292;93.5;93.5
1293;93.5;93.5
1294;93.5;93.5
1295;93.5;93.5
1296;93.5;93.5
1297;93.5;93.5
1298;93.5;93.5
1299;93.5;93.5
1300;93.5;93.5
1301;93.5;93.5
1302;93.5;93.5
1303;93.5;93.5
1304;93.5;93.5
1305;93.5;93.5
1306;93.5;93.5
1307;93.5;93.5
1308;93.5;93.5
1309;93.5;93.5
1310;93.5;93.5
1311;93.5;93.5
1312;93.5;93.5
1313;93.5;93.5
1314;93.5;93.5
1315;93.5;93.5
1316;93.5;93.5
1317;93.5;93.5
1318;93.5;93.5
1319;93.5;93.5
1320;93.5;93.5
1321;93.5;93.5
1322;93.5;93.5
1323;93.5;93.5
1324;93.5;93.5
1325;93.5;93.5
1326;93.5;93.5
1327;93.5;93.5
1328;93.5;93.5
1329;93.5;93.5
1330;93.5;93.5
1331;93.5;93.5
1332;93.5;93.5
1333;93.5;93.5
1334;93.5;93.5
1335;93.5;93.5
1336;93.5;93.5
1337;93.5;93.5
1338;93.5;93.5
1339;93.5;93.5
1340;93.5;93.5
1341;93.5;93.5
1342;93.5;93.5
1343;93.5;93.5
1344;93.5;93.5
1345;93.5;93.5
1346;93.5;93.5
1347;93.5;93.5
1348;93.5;93.5
1349;93.5;93.5
1350;93.5;93.5
1351;93.5;93.5
1352;93.5;93.5
1353;93.5;93.5
1354;93.5;93.5
1355;93.5;93.5
1356;93.5;93.5
1357;93.5;93.5
1358;93.5;93.5
1359;93.5;93.5
1360;93.5;93.5
1361;93.5;93.5
1362;93.5;93.5
1363;93.5;93.5
1364;93.5;93.5
1365;93.5;93.5
1366;93.5;93.5
1367;93.5;93.5
1368;93.5;93.5
1369;93.5;93.5
1370;93.5;93.5
1371;93.5;93.5
1372;93.5;93.5
1373;93.5;93.5
1374;93.5;93.5
1375;93.5;93.5
1376;93.5;93.5
1377;93.5;93.5
1378;93.5;93.5
1379;93.5;93.5
1380;93.5;93.5
1381;93.5;93.5
1382;93.5;93.5
1383;93.5;93.5
1384;93.5;93.5
1385;93.5;93.5
1386;93.5;93.5
1387;93.5;93.5
1388;93.5;93.5
1389;93.5;93.5
1390;93.5;93.5
1391;93.5;93.5
1392;93.5;93.5
1393;93.5;93.5
1394;93.5;93.5
1395;93.5;93.5
1396;93.5;93.5
1397;93.5;93.5
1398;93.5;93.5
1399;93.5;93.5
1400;93.5;93.5
1401;93.5;93.5
1402;93.5;93.5
1403;93.5;93.5
1404;93.5;93.5
1405;93.5;93.5
1406;93.5;93.5
1407;93.5;93.5
1408;93.5;93.5
1409;93.5;93.5
1410;93.5;93.5
1411;93.5;93.5
1412;93.5;93.5
1413;93.5;93.5
1414;93.5;93.5
1415;93.5;93.5
1416;93.5;93.5
1417;93.5;93.5
1418;93.5;93.5
1419;93.5;93.5
1420;93.5;93.5
1421;93.5;93.5
1422;93.5;93.5
1423;93.5;93.5
1424;93.5;93.5
1425;93.5;93.5
1426;93.5;93.5
1427;93.5;93.5
1428;93.5;93.5
1429;93.5;93.5
1430;93.5;93.5
1431;93.5;93.5
1432;93.5;93.5
1433;93.5;93.5
1434;93.5;93.5
1435;93.5;93.5
1436;93.5;93.5
1437;93.5;93.5
1438;93.5;93.5
1439;93.5;93.5
1440;93.5;93.5
1441;93.5;93.5
1442;93.5;93.5
1443;93.5;93.5
1444;93.5;93.5
1445;93.5;93.5
1446;93.5;93.5
1447;93.5;93.5
1448;93.5;93.5
1449;93.5;93.5
1450;93.5;93.5
1451;93.5;93.5
1452;93.5;93.5
1453;93.5;93.5
1454;93.5;93.5
1455;93.5;93.5
1456;93.5;93.5
1457;93.5;93.5
1458;93.5;93.5
1459;93.5;93.5
1460;93.5;93.5
1461;93.5;93.5
1462;93.5;93.5
1463;93.5;93.5
1464;93.5;93.5
1465;93.5;93.5
1466;93.5;93.5
1467;93.5;93.5
1468;93.5;93.5
1469;93.5;93.5
1470;93.5;93.5
1471;93.5;93.5
1472;93.5;93.5
1473;93.5;93.5
1474;93.5;93.5
1475;93.5;93.5
1476;93.5;93.5
1477;93.5;93.5
1478;93.5;93.5
1479;93.5;93.5
1480;93.5;93.5
1481;93.5;93.5
1482;93.5;93.5
1483;93.5;93.5
1484;93.5;93.5
1485;93.5;93.5
1486;93.5;93.5
1487;93.5;93.5
1488;93.5;93.5
1489;93.5;93.5
1490;93.5;93.5
1491;93.5;93.5
1492;93.5;93.5
1493;93.5;93.5
1494;93.5;93.5
1495;93.5;93.5
1496;93.5;93.5
1497;94.0;94.0
1498;93.5;93.5
1499;93.5;93.5
1500;93.5;93.5
1501;94.0;94.0
1502;93.5;93.5
1503;93.5;93.5
1504;93.5;93.5
1505;94.0;94.0
1506;93.5;93.5
1507;93.5;93.5
1508;93.5;93.5
1509;94.0;94.0
1510;93.5;93.5
1511;93.5;93.5
1512;93.5;93.5
1513;94.0;94.0
1514;93.5;93.5
1515;94.0;94.0
1516;93.5;93.5
1517;93.5;93.5
1518;93.5;93.5
1519;94.0;94.0
1520;93.5;93.5
1521;93.5;93.5
1522;93.5;93.5
1523;94.0;94.0
1524;93.5;93.5
1525;93.5;93.5
1526;93.5;93.5
1527;94.0;94.0
1528;94.0;94.0
1529;94.0;94.0
1530;93.5;93.5
1531;94.0;94.0
1532;94.0;94.0
1533;94.0;94.0
1534;94.0;94.0
1535;94.0;94.0
1536;94.0;94.0
1537;94.0;94.0
1538;94.0;94.0
1539;94.0;94.0
1540;94.0;94.0
1541;94.0;94.0
1542;94.0;94.0
1543;93.5;93.5
1544;94.0;94.0
1545;94.0;94.0
1546;94.0;94.0
1547;94.0;94.0
1548;94.0;94.0
1549;94.0;94.0
1550;93.5;93.5
1551;94.0;94.0
1552;94.0;94.0
1553;94.0;94.0
1554;94.0;94.0
1555;94.0;94.0
1556;94.0;94.0
1557;94.0;94.0
1558;94.0;94.0
1559;94.0;94.0
1560;94.0;94.0
1561;94.0;94.0
1562;94.0;94.0
1563;94.0;94.0
1564;94.0;94.0
1565;94.0;94.0
1566;94.0;94.0
1567;94.0;94.0
1568;94.0;94.0
1569;94.0;94.0
1570;94.0;94.0
1571;94.0;94.0
1572;94.0;94.0
1573;94.0;94.0
1574;94.0;94.0
1575;94.0;94.0
1576;94.0;94.0
1577;94.0;94.0
1578;94.0;94.0
1579;94.0;94.0
1580;94.0;94.0
1581;94.0;94.0
1582;93.5;93.5
1583;94.0;94.0
1584;94.0;94.0
1585;93.5;93.5
1586;94.0;94.0
1587;94.0;94.0
1588;94.0;94.0
1589;93.5;93.5
1590;94.0;94.0
1591;94.0;94.0
1592;93.5;93.5
1593;94.0;94.0
1594;94.0;94.0
1595;93.5;93.5
1596;94.0;94.0
1597;94.0;94.0
1598;93.5;93.5
1599;94.0;94.0
1600;94.0;94.0
1601;93.5;93.5
1602;94.0;94.0
1603;94.0;94.0
1604;94.0;94.0
1605;94.0;94.0
1606;94.0;94.0
1607;94.0;94.0
1608;94.0;94.0
1609;94.0;94.0
1610;94.0;94.0
1611;94.0;94.0
1612;94.0;94.0
1613;94.0;94.0
1614;94.0;94.0
1615;94.0;94.0
1616;94.0;94.0
1617;94.0;94.0
1618;94.0;94.0
1619;94.0;94.0
1620;94.0;94.0
1621;94.0;94.0
1622;94.0;94.0
1623;94.0;94.0
1624;94.0;94.0
1625;94.0;94.0
1626;94.0;94.0
1627;94.0;94.0
1628;94.0;94.0
1629;94.0;94.0
1630;94.0;94.0
1631;94.0;94.0
1632;94.0;94.0
1633;94.0;94.0
1634;94.0;94.0
1635;94.0;94.0
1636;94.0;94.0
1637;94.0;94.0
1638;94.0;94.0
1639;94.0;94.0
1640;94.0;94.0
1641;94.0;94.0
1642;94.0;94.0
1643;94.0;94.0
1644;94.0;94.0
1645;94.0;94.0
1646;94.0;94.0
1647;94.0;94.0
1648;94.0;94.0
1649;94.0;94.0
1650;94.0;94.0
1651;94.0;94.0
1652;94.0;94.0
1653;94.0;94.0
1654;94.0;94.0
1655;94.0;94.0
1656;94.0;94.0
1657;93.5;93.5
1658;93.5;93.5
1659;93.5;93.5
1660;93.5;93.5
1661;93.5;93.5
1662;93.5;93.5
1663;93.5;93.5
1664;93.5;93.5
1665;93.5;93.5
1666;93.5;93.5
1667;93.5;93.5
1668;93.5;93.5
1669;93.5;93.5
1670;93.5;93.5
1671;93.5;93.5
1672;93.5;93.5
1673;93.5;93.5
1674;93.5;93.5
1675;93.5;93.5
1676;94.0;94.0
1677;93.5;93.5
1678;94.0;94.0
1679;93.5;93.5
1680;94.0;94.0
1681;94.0;94.0
1682;93.5;93.5
1683;94.0;94.0
1684;93.5;93.5
1685;94.0;94.0
1686;93.5;93.5
1687;94.0;94.0
1688;93.5;93.5
1689;94.0;94.0
1690;94.0;94.0
1691;94.0;94.0
1692;93.5;93.5
1693;94.0;94.0
1694;93.5;93.5
1695;94.0;94.0
1696;94.0;94.0
1697;94.0;94.0
1698;93.5;93.5
1699;94.0;94.0
1700;94.0;94.0
1701;93.5;93.5
1702;93.5;93.5
1703;93.5;93.5
1704;93.5;93.5
1705;93.5;93.5
1706;93.5;93.5
1707;93.5;93.5
1708;93.5;93.5
1709;93.5;93.5
1710;93.5;93.5
1711;93.5;93.5
1712;93.5;93.5
1713;93.5;93.5
1714;93.5;93.5
1715;93.5;93.5
1716;93.5;93.5
1717;93.5;93.5
1718;93.5;93.5
1719;93.5;93.5
1720;93.5;93.5
1721;93.5;93.5
1722;93.5;93.5
1723;93.5;93.5
1724;93.5;93.5
1725;93.5;93.5
1726;93.5;93.5
1727;93.5;93.5
1728;93.5;93.5
1729;93.5;93.5
1730;93.5;93.5
1731;93.5;93.5
1732;93.5;93.5
1733;93.5;93.5
1734;93.5;93.5
1735;93.5;93.5
1736;93.5;93.5
1737;93.5;93.5
1738;93.5;93.5
1739;93.5;93.5
1740;93.5;93.5
1741;93.5;93.5
1742;93.5;93.5
1743;93.5;93.5
1744;93.5;93.5
1745;93.5;93.5
1746;93.5;93.5
1747;93.5;93.5
1748;93.5;93.5
1749;93.5;93.5
1750;93.5;93.5
1751;93.5;93.5
1752;93.5;93.5
1753;93.5;93.5
1754;93.5;93.5
1755;93.5;93.5
1756;93.5;93.5
1757;93.5;93.5
1758;93.5;93.5
1759;93.5;93.5
1760;93.5;93.5
1761;93.5;93.5
1762;93.5;93.5
1763;93.5;93.5
1764;93.5;93.5
1765;93.5;93.5
1766;93.5;93.5
1767;93.5;93.5
1768;93.5;93.5
1769;93.5;93.5
1770;93.5;93.5
1771;93.5;93.5
1772;93.5;93.5
1773;93.5;93.5
1774;93.5;93.5
1775;93.5;93.5
1776;93.5;93.5
1777;93.5;93.5
1778;93.5;93.5
1779;93.5;93.5
1780;94.0;94.0
1781;93.5;93.5
1782;94.0;94.0
1783;93.5;93.5
1784;94.0;94.0
1785;93.5;93.5
1786;94.0;94.0
1787;93.5;93.5
1788;93.5;93.5
1789;93.5;93.5
1790;93.5;93.5
1791;93.5;93.5
1792;93.5;93.5
1793;93.5;93.5
1794;93.5;93.5
1795;93.5;93.5
1796;93.5;93.5
1797;93.5;93.5
1798;93.5;93.5
1799;93.5;93.5
1800;93.5;93.5
1801;93.5;93.5
1802;93.5;93.5
1803;93.5;93.5
1804;93.5;93.5
1805;93.5;93.5
1806;93.5;93.5
1807;93.5;93.5
1808;93.5;93.5
1809;93.5;93.5
1810;93.5;93.5
1811;93.5;93.5
1812;93.5;93.5
1813;93.5;93.5
1814;93.5;93.5
1815;93.5;93.5
1816;93.5;93.5
1817;93.5;93.5
1818;93.5;93.5
1819;93.5;93.5
1820;93.5;93.5
1821;93.5;93.5
1822;93.5;93.5
1823;93.5;93.5
1824;93.5;93.5
1825;93.5;93.5
1826;93.5;93.5
1827;93.5;93.5
1828;93.5;93.5
1829;93.5;93.5
1830;93.5;93.5
1831;93.5;93.5
1832;93.5;93.5
1833;93.5;93.5
1834;93.5;93.5
1835;93.5;93.5
1836;94.0;94.0
1837;94.0;94.0
1838;93.5;93.5
1839;94.0;94.0
1840;94.0;94.0
1841;93.5;93.5
1842;94.0;94.0
1843;93.5;93.5
1844;94.0;94.0
1845;94.0;94.0
1846;93.5;93.5
1847;94.0;94.0
1848;93.5;93.5
1849;94.0;94.0
1850;94.0;94.0
1851;94.0;94.0
1852;94.0;94.0
1853;94.0;94.0
1854;94.0;94.0
1855;93.5;93.5
1856;94.0;94.0
1857;94.0;94.0
1858;93.5;93.5
1859;94.0;94.0
1860;94.0;94.0
1861;94.0;94.0
1862;93.5;93.5
1863;94.0;94.0
1864;94.0;94.0
1865;94.0;94.0
1866;93.5;93.5
1867;93.5;93.5
1868;94.0;94.0
1869;94.0;94.0
1870;93.5;93.5
1871;94.0;94.0
1872;94.0;94.0
1873;93.5;93.5
1874;94.0;94.0
1875;94.0;94.0
1876;94.0;94.0
1877;94.0;94.0
1878;94.0;94.0
1879;94.0;94.0
1880;93.5;93.5
1881;94.0;94.0
1882;93.5;93.5
1883;94.0;94.0
1884;94.0;94.0
1885;93.5;93.5
1886;94.0;94.0
1887;94.0;94.0
1888;94.0;94.0
1889;94.0;94.0
1890;94.0;94.0
1891;93.5;93.5
1892;94.0;94.0
1893;94.0;94.0
1894;93.5;93.5
1895;94.0;94.0
1896;94.0;94.0
1897;93.5;93.5
1898;94.0;94.0
1899;94.0;94.0
1900;93.5;93.5
1901;94.0;94.0
1902;93.5;93.5
1903;94.0;94.0
1904;94.0;94.0
1905;94.0;94.0
1906;94.0;94.0
1907;93.5;93.5
1908;94.0;94.0
1909;94.0;94.0
1910;93.5;93.5
1911;94.0;94.0
1912;93.5;93.5
1913;94.0;94.0
1914;94.0;94.0
1915;94.0;94.0
1916;94.0;94.0
1917;94.0;94.0
1918;93.5;93.5
1919;94.0;94.0
1920;93.5;93.5
1921;94.0;94.0
1922;94.0;94.0
1923;93.5;93.5
1924;94.0;94.0
1925;94.0;94.0
1926;93.5;93.5
1927;94.0;94.0
1928;94.0;94.0
1929;93.5;93.5
1930;94.0;94.0
1931;93.5;93.5
1932;94.0;94.0
1933;94.0;94.0
1934;93.5;93.5
1935;93.5;93.5
1936;94.0;94.0
1937;94.0;94.0
1938;94.0;94.0
1939;93.5;93.5
1940;93.5;93.5
1941;94.0;94.0
1942;94.0;94.0
1943;94.0;94.0
1944;93.5;93.5
1945;93.5;93.5
1946;93.5;93.5
1947;94.0;94.0
1948;94.0;94.0
1949;94.0;94.0
1950;93.5;93.5
1951;93.5;93.5
1952;94.0;94.0
1953;94.0;94.0
1954;94.0;94.0
1955;93.5;93.5
1956;94.0;94.0
1957;94.0;94.0
1958;93.5;93.5
1959;93.5;93.5
1960;94.0;94.0
1961;94.0;94.0
1962;94.0;94.0
1963;93.5;93.5
1964;93.5;93.5
1965;94.0;94.0
1966;94.0;94.0
1967;94.0;94.0
1968;94.0;94.0
1969;94.0;94.0
1970;94.0;94.0
1971;94.0;94.0
1972;94.0;94.0
1973;94.0;94.0
1974;94.0;94.0
1975;94.0;94.0
1976;94.0;94.0
1977;94.0;94.0
1978;94.0;94.0
1979;94.0;94.0
1980;94.0;94.0
1981;94.0;94.0
1982;94.0;94.0
1983;94.0;94.0
1984;94.0;94.0
1985;94.0;94.0
1986;94.0;94.0
1987;94.0;94.0
1988;94.0;94.0
1989;94.0;94.0
1990;94.0;94.0
1991;94.0;94.0
1992;94.0;94.0
1993;94.0;94.0
1994;94.0;94.0
1995;94.0;94.0
1996;94.0;94.0
1997;94.0;94.0
1998;94.0;94.0
1999;94.0;94.0
2000;94.0;94.0
2001;94.0;94.0
2002;94.0;94.0
2003;94.0;94.0
2004;94.0;94.0
2005;94.0;94.0
2006;94.0;94.0
2007;94.0;94.0
2008;94.0;94.0
2009;94.5;94.5
2010;94.0;94.0
2011;94.5;94.5
2012;94.0;94.0
2013;94.5;94.5
2014;94.0;94.0
2015;94.5;94.5
2016;94.0;94.0
2017;94.0;94.0
2018;94.5;94.5
2019;94.0;94.0
2020;94.5;94.5
2021;94.0;94.0
2022;94.0;94.0
2023;94.5;94.5
2024;94.0;94.0
2025;94.5;94.5
2026;94.0;94.0
2027;94.5;94.5
2028;94.0;94.0
2029;94.0;94.0
2030;94.0;94.0
2031;94.5;94.5
2032;94.0;94.0
2033;94.0;94.0
2034;94.0;94.0
2035;94.0;94.0
2036;94.0;94.0
2037;94.0;94.0
2038;94.0;94.0
2039;94.0;94.0
2040;94.0;94.0
2041;94.0;94.0
2042;94.0;94.0
2043;94.0;94.0
2044;94.0;94.0
2045;94.0;94.0
2046;94.0;94.0
2047;94.0;94.0
2048;94.0;94.0
2049;94.0;94.0
2050;94.0;94.0
2051;94.0;94.0
2052;94.0;94.0
2053;94.0;94.0
2054;94.0;94.0
2055;94.0;94.0
2056;94.0;94.0
2057;94.0;94.0
2058;94.0;94.0
2059;94.0;94.0
2060;94.0;94.0
2061;94.0;94.0
2062;94.0;94.0
2063;94.0;94.0
2064;94.0;94.0
2065;94.5;94.5
2066;94.5;94.5
2067;94.5;94.5
2068;94.5;94.5
2069;94.5;94.5
2070;94.5;94.5
2071;94.5;94.5
2072;94.5;94.5
2073;94.5;94.5
2074;94.5;94.5
2075;94.5;94.5
2076;94.5;94.5
2077;94.5;94.5
2078;94.5;94.5
2079;94.5;94.5
2080;94.5;94.5
2081;94.5;94.5
2082;94.5;94.5
2083;94.5;94.5
2084;94.5;94.5
2085;94.5;94.5
2086;94.5;94.5
2087;94.5;94.5
2088;94.5;94.5
2089;94.5;94.5
2090;94.5;94.5
2091;94.5;94.5
2092;94.5;94.5
2093;94.5;94.5
2094;94.5;94.5
2095;94.5;94.5
2096;94.5;94.5
2097;94.5;94.5
2098;94.5;94.5
2099;94.5;94.5
2100;94.5;94.5
2101;94.5;94.5
2102;94.5;94.5
2103;94.5;94.5
2104;94.5;94.5
2105;94.5;94.5
2106;94.5;94.5
2107;94.5;94.5
2108;94.5;94.5
2109;94.5;94.5
2110;94.5;94.5
2111;94.5;94.5
2112;94.5;94.5
2113;94.5;94.5
2114;94.5;94.5
2115;94.5;94.5
2116;94.5;94.5
2117;94.5;94.5
2118;94.5;94.5
2119;94.5;94.5
2120;94.5;94.5
2121;94.5;94.5
2122;94.5;94.5
2123;94.5;94.5
2124;94.5;94.5
2125;94.5;94.5
2126;94.5;94.5
2127;94.5;94.5
2128;94.5;94.5
2129;94.5;94.5
2130;94.5;94.5
2131;94.5;94.5
2132;94.5;94.5
2133;94.5;94.5
2134;94.5;94.5
2135;94.5;94.5
2136;94.5;94.5
2137;94.5;94.5
2138;94.5;94.5
2139;94.5;94.5
2140;94.5;94.5
2141;94.5;94.5
2142;94.5;94.5
2143;94.5;94.5
2144;94.5;94.5
2145;94.5;94.5
2146;94.5;94.5
2147;94.5;94.5
2148;94.5;94.5
2149;94.5;94.5
2150;94.5;94.5
2151;94.5;94.5
2152;94.5;94.5
2153;95.0;95.0
2154;94.5;94.5
2155;94.5;94.5
2156;95.0;95.0
2157;94.5;94.5
2158;94.5;94.5
2159;95.0;95.0
2160;94.5;94.5
2161;94.5;94.5
2162;95.0;95.0
2163;94.5;94.5
2164;94.5;94.5
2165;94.5;94.5
2166;94.5;94.5
2167;94.5;94.5
2168;95.5;95.5
2169;94.5;94.5
2170;95.5;95.5
2171;94.5;94.5
2172;94.5;94.5
2173;95.5;95.5
2174;94.5;94.5
2175;94.5;94.5
2176;95.5;95.5
2177;94.5;94.5
2178;95.5;95.5
2179;94.5;94.5
2180;95.5;95.5
2181;94.5;94.5
2182;94.5;94.5
2183;95.5;95.5
2184;94.5;94.5
2185;94.5;94.5
2186;95.5;95.5
2187;94.5;94.5
2188;95.5;95.5
2189;94.5;94.5
2190;95.5;95.5
2191;94.5;94.5
2192;94.5;94.5
2193;95.5;95.5
2194;94.5;94.5
2195;94.5;94.5
2196;95.0;95.0
2197;94.5;94.5
2198;94.5;94.5
2199;95.5;95.5
2200;95.5;95.5
2201;94.5;94.5
2202;94.5;94.5
2203;95.5;95.5
2204;94.5;94.5
2205;94.5;94.5
2206;95.5;95.5
2207;94.5;94.5
2208;94.5;94.5
2209;95.5;95.5
2210;95.5;95.5
2211;94.5;94.5
2212;94.5;94.5
2213;95.5;95.5
2214;94.5;94.5
2215;94.5;94.5
2216;95.5;95.5
2217;94.5;94.5
2218;94.5;94.5
2219;95.5;95.5
2220;95.5;95.5
2221;94.5;94.5
2222;94.5;94.5
2223;95.5;95.5
2224;94.5;94.5
2225;94.5;94.5
2226;95.0;95.0
2227;94.5;94.5
2228;94.5;94.5
2229;95.5;95.5
2230;95.5;95.5
2231;94.5;94.5
2232;94.5;94.5
2233;95.5;95.5
2234;94.5;94.5
2235;94.5;94.5
2236;95.5;95.5
2237;94.5;94.5
2238;94.5;94.5
2239;95.0;95.0
2240;94.5;94.5
2241;95.5;95.5
2242;94.5;94.5
2243;95.0;95.0
2244;94.5;94.5
2245;94.5;94.5
2246;95.5;95.5
2247;94.5;94.5
2248;95.5;95.5
2249;94.5;94.5
2250;94.5;94.5
2251;95.5;95.5
2252;94.5;94.5
2253;94.5;94.5
2254;95.5;95.5
2255;94.5;94.5
2256;95.5;95.5
2257;94.5;94.5
2258;94.5;94.5
2259;95.5;95.5
2260;94.5;94.5
2261;95.5;95.5
2262;94.5;94.5
2263;94.5;94.5
2264;95.5;95.5
2265;94.5;94.5
2266;95.5;95.5
2267;94.5;94.5
2268;94.5;94.5
2269;95.5;95.5
2270;94.5;94.5
2271;95.5;95.5
2272;94.5;94.5
2273;94.5;94.5
2274;95.5;95.5
2275;94.5;94.5
2276;94.5;94.5
2277;95.5;95.5
2278;94.5;94.5
2279;95.5;95.5
2280;94.5;94.5
2281;94.5;94.5
2282;95.5;95.5
2283;94.5;94.5
2284;95.5;95.5
2285;94.5;94.5
2286;94.5;94.5
2287;95.5;95.5
2288;94.5;94.5
2289;95.5;95.5
2290;94.5;94.5
2291;94.5;94.5
2292;95.5;95.5
2293;94.5;94.5
2294;94.5;94.5
2295;95.5;95.5
2296;94.5;94.5
2297;95.5;95.5
2298;94.5;94.5
2299;94.5;94.5
2300;95.5;95.5
2301;94.5;94.5
2302;95.5;95.5
2303;94.5;94.5
2304;94.5;94.5
2305;95.5;95.5
2306;94.5;94.5
2307;95.5;95.5
2308;94.5;94.5
2309;94.5;94.5
2310;95.5;95.5
2311;94.5;94.5
2312;94.5;94.5
2313;95.5;95.5
2314;94.5;94.5
2315;95.5;95.5
2316;94.5;94.5
2317;94.5;94.5
2318;95.5;95.5
2319;94.5;94.5
2320;95.5;95.5
2321;94.5;94.5
2322;94.5;94.5
2323;95.5;95.5
2324;94.5;94.5
2325;95.5;95.5
2326;94.5;94.5
2327;94.5;94.5
2328;95.5;95.5
2329;94.5;94.5
2330;94.5;94.5
2331;95.5;95.5
2332;94.5;94.5
2333;95.5;95.5
2334;94.5;94.5
2335;94.5;94.5
2336;95.5;95.5
2337;94.5;94.5
2338;95.5;95.5
2339;94.5;94.5
2340;94.5;94.5
2341;95.5;95.5
2342;94.5;94.5
2343;94.5;94.5
2344;95.5;95.5
2345;94.5;94.5
2346;95.5;95.5
2347;94.5;94.5
2348;95.5;95.5
2349;94.5;94.5
2350;95.5;95.5
2351;95.5;95.5
2352;95.5;95.5
2353;95.5;95.5
2354;95.5;95.5
2355;95.5;95.5
2356;95.5;95.5
2357;95.5;95.5
2358;95.5;95.5
2359;95.5;95.5
2360;95.5;95.5
2361;95.5;95.5
2362;95.5;95.5
2363;95.5;95.5
2364;95.5;95.5
2365;95.5;95.5
2366;95.5;95.5
2367;95.5;95.5
2368;95.5;95.5
2369;95.5;95.5
2370;95.5;95.5
2371;95.5;95.5
2372;95.5;95.5
2373;95.5;95.5
2374;95.5;95.5
2375;95.5;95.5
2376;95.5;95.5
2377;95.5;95.5
2378;95.5;95.5
2379;95.5;95.5
2380;95.5;95.5
2381;95.5;95.5
2382;95.5;95.5
2383;95.5;95.5
2384;95.5;95.5
2385;95.5;95.5
2386;95.5;95.5
2387;95.5;95.5
2388;95.5;95.5
2389;95.5;95.5
2390;95.5;95.5
2391;95.5;95.5
2392;95.5;95.5
2393;95.5;95.5
2394;95.5;95.5
2395;95.5;95.5
2396;95.5;95.5
2397;95.5;95.5
2398;95.5;95.5
2399;95.5;95.5
2400;95.5;95.5
2401;95.5;95.5
2402;95.5;95.5
2403;95.5;95.5
2404;95.5;95.5
2405;95.5;95.5
2406;95.5;95.5
2407;95.5;95.5
2408;95.5;95.5
2409;95.5;95.5
2410;95.5;95.5
2411;95.5;95.5
2412;95.5;95.5
2413;95.5;95.5
2414;95.5;95.5
2415;95.5;95.5
2416;95.5;95.5
2417;95.5;95.5
2418;95.5;95.5
2419;95.5;95.5
2420;95.5;95.5
2421;95.5;95.5
2422;95.5;95.5
2423;95.5;95.5
2424;95.5;95.5
2425;95.5;95.5
2426;94.5;94.5
2427;94.5;94.5
2428;95.5;95.5
2429;95.5;95.5
2430;95.5;95.5
2431;95.5;95.5
2432;95.5;95.5
2433;95.5;95.5
2434;94.5;94.5
2435;94.5;94.5
2436;95.5;95.5
2437;95.5;95.5
2438;95.5;95.5
2439;95.5;95.5
2440;95.5;95.5
2441;95.5;95.5
2442;95.5;95.5
2443;95.5;95.5
2444;95.0;95.0
2445;95.5;95.5
2446;95.5;95.5
2447;95.5;95.5
2448;95.5;95.5
2449;95.5;95.5
2450;95.5;95.5
2451;95.0;95.0
2452;95.0;95.0
2453;95.0;95.0
2454;95.5;95.5
2455;95.5;95.5
2456;95.5;95.5
2457;95.5;95.5
2458;95.5;95.5
2459;95.5;95.5
2460;95.5;95.5
2461;95.5;95.5
2462;95.5;95.5
2463;95.5;95.5
2464;95.5;95.5
2465;95.5;95.5
2466;95.0;95.0
2467;95.0;95.0
2468;95.5;95.5
2469;95.5;95.5
2470;95.5;95.5
2471;95.5;95.5
2472;95.5;95.5
2473;95.5;95.5
2474;95.5;95.5
2475;95.5;95.5
2476;95.5;95.5
2477;95.5;95.5
2478;95.5;95.5
2479;95.5;95.5
2480;95.5;95.5
2481;95.5;95.5
2482;95.5;95.5
2483;95.5;95.5
2484;95.5;95.5
2485;95.5;95.5
2486;95.5;95.5
2487;95.5;95.5
2488;95.5;95.5
2489;95.5;95.5
2490;95.5;95.5
2491;95.5;95.5
2492;95.5;95.5
2493;95.5;95.5
2494;95.5;95.5
2495;95.5;95.5
2496;95.5;95.5
2497;95.5;95.5
2498;95.5;95.5
2499;95.5;95.5
2500;95.5;95.5
2501;95.5;95.5
2502;95.5;95.5
2503;95.5;95.5
2504;95.5;95.5
2505;95.5;95.5
2506;95.5;95.5
2507;95.5;95.5
2508;95.5;95.5
2509;95.5;95.5
2510;95.5;95.5
2511;95.5;95.5
2512;95.5;95.5
2513;95.5;95.5
2514;95.5;95.5
2515;95.5;95.5
2516;95.5;95.5
2517;95.5;95.5
2518;95.5;95.5
2519;95.5;95.5
2520;95.5;95.5
2521;95.5;95.5
2522;95.5;95.5
2523;95.5;95.5
2524;95.5;95.5
2525;95.5;95.5
2526;95.5;95.5
2527;95.5;95.5
2528;95.5;95.5
2529;95.5;95.5
2530;95.5;95.5
2531;95.5;95.5
2532;95.5;95.5
2533;95.5;95.5
2534;95.5;95.5
2535;95.5;95.5
2536;95.5;95.5
2537;95.5;95.5
2538;95.5;95.5
2539;95.5;95.5
2540;95.5;95.5
2541;95.5;95.5
2542;95.5;95.5
2543;95.5;95.5
2544;95.5;95.5
2545;95.5;95.5
2546;95.5;95.5
2547;95.5;95.5
2548;95.5;95.5
2549;95.5;95.5
2550;95.5;95.5
2551;95.5;95.5
2552;95.5;95.5
2553;95.5;95.5
2554;95.5;95.5
2555;95.5;95.5
2556;95.5;95.5
2557;95.5;95.5
2558;95.5;95.5
2559;95.5;95.5
2560;95.5;95.5
2561;95.5;95.5
2562;95.5;95.5
2563;95.5;95.5
2564;95.5;95.5
2565;95.5;95.5
2566;95.5;95.5
2567;95.5;95.5
2568;95.5;95.5
2569;95.5;95.5
2570;95.5;95.5
2571;95.5;95.5
2572;95.5;95.5
2573;95.5;95.5
2574;95.5;95.5
2575;95.5;95.5
2576;95.5;95.5
2577;95.5;95.5
2578;95.5;95.5
2579;95.5;95.5
2580;95.5;95.5
2581;95.5;95.5
2582;95.5;95.5
2583;95.5;95.5
2584;95.5;95.5
2585;95.5;95.5
2586;95.5;95.5
2587;95.5;95.5
2588;95.5;95.5
2589;95.5;95.5
2590;95.5;95.5
2591;95.5;95.5
2592;95.5;95.5
2593;95.5;95.5
2594;95.5;95.5
2595;95.5;95.5
2596;95.5;95.5
2597;95.5;95.5
2598;95.5;95.5
2599;95.5;95.5
2600;95.5;95.5
2601;95.5;95.5
2602;95.5;95.5
2603;95.5;95.5
2604;95.5;95.5
2605;95.5;95.5
2606;95.5;95.5
2607;95.5;95.5
2608;95.5;95.5
2609;95.5;95.5
2610;95.5;95.5
2611;95.5;95.5
2612;95.5;95.5
2613;95.5;95.5
2614;95.5;95.5
2615;95.5;95.5
2616;95.5;95.5
2617;95.5;95.5
2618;95.5;95.5
2619;95.5;95.5
2620;95.5;95.5
2621;95.5;95.5
2622;95.5;95.5
2623;96.0;96.0
2624;95.5;95.5
2625;96.0;96.0
2626;95.5;95.5
2627;95.5;95.5
2628;95.5;95.5
2629;95.5;95.5
2630;95.5;95.5
2631;96.0;96.0
2632;95.5;95.5
2633;95.5;95.5
2634;95.5;95.5
2635;95.5;95.5
2636;95.5;95.5
2637;95.5;95.5
2638;96.0;96.0
2639;95.5;95.5
2640;95.5;95.5
2641;95.5;95.5
2642;95.5;95.5
2643;95.5;95.5
2644;95.5;95.5
2645;95.5;95.5
2646;96.0;96.0
2647;95.5;95.5
2648;95.5;95.5
2649;95.5;95.5
2650;95.5;95.5
2651;95.5;95.5
2652;95.5;95.5
2653;96.0;96.0
2654;95.5;95.5
2655;95.5;95.5
2656;95.5;95.5
2657;95.5;95.5
2658;95.5;95.5
2659;95.5;95.5
2660;95.5;95.5
2661;95.5;95.5
2662;95.5;95.5
2663;95.5;95.5
2664;95.5;95.5
2665;95.5;95.5
2666;95.5;95.5
2667;95.5;95.5
2668;95.5;95.5
2669;95.5;95.5
2670;95.5;95.5
2671;95.5;95.5
2672;95.5;95.5
2673;95.5;95.5
2674;95.5;95.5
2675;95.5;95.5
2676;95.5;95.5
2677;95.5;95.5
2678;95.5;95.5
2679;95.5;95.5
2680;95.5;95.5
2681;95.5;95.5
2682;95.5;95.5
2683;95.5;95.5
2684;95.5;95.5
2685;95.5;95.5
2686;95.5;95.5
2687;95.5;95.5
2688;95.5;95.5
2689;95.5;95.5
2690;95.5;95.5
2691;95.5;95.5
2692;95.5;95.5
2693;95.5;95.5
2694;95.5;95.5
2695;95.5;95.5
2696;95.5;95.5
2697;95.5;95.5
2698;95.5;95.5
2699;95.5;95.5
2700;95.5;95.5
2701;95.5;95.5
2702;95.5;95.5
2703;95.5;95.5
2704;95.5;95.5
2705;95.5;95.5
2706;95.5;95.5
2707;95.5;95.5
2708;95.5;95.5
2709;95.5;95.5
2710;96.0;96.0
2711;96.0;96.0
2712;96.0;96.0
2713;96.0;96.0
2714;96.0;96.0
2715;96.0;96.0
2716;96.0;96.0
2717;95.5;95.5
2718;96.0;96.0
2719;95.5;95.5
2720;95.5;95.5
2721;95.5;95.5
2722;96.0;96.0
2723;95.5;95.5
2724;95.5;95.5
2725;96.0;96.0
2726;95.5;95.5
2727;95.5;95.5
2728;95.5;95.5
2729;96.0;96.0
2730;95.5;95.5
2731;95.5;95.5
2732;96.0;96.0
2733;95.5;95.5
2734;95.5;95.5
2735;95.5;95.5
2736;96.0;96.0
2737;95.5;95.5
2738;96.0;96.0
2739;95.5;95.5
2740;95.5;95.5
2741;95.5;95.5
2742;95.5;95.5
2743;96.0;96.0
2744;95.5;95.5
2745;95.5;95.5
2746;95.5;95.5
2747;96.0;96.0
2748;95.5;95.5
2749;95.5;95.5
2750;96.0;96.0
2751;95.5;95.5
2752;95.5;95.5
2753;95.5;95.5
2754;95.5;95.5
2755;95.5;95.5
2756;95.5;95.5
2757;96.0;96.0
2758;95.5;95.5
2759;95.5;95.5
2760;95.5;95.5
2761;95.5;95.5
2762;95.5;95.5
2763;95.5;95.5
2764;96.0;96.0
2765;95.5;95.5
2766;95.5;95.5
2767;95.5;95.5
2768;95.5;95.5
2769;95.5;95.5
2770;95.5;95.5
2771;95.5;95.5
2772;96.0;96.0
2773;95.5;95.5
2774;95.5;95.5
2775;95.5;95.5
2776;95.5;95.5
2777;95.5;95.5
2778;95.5;95.5
2779;95.5;95.5
2780;95.5;95.5
2781;95.5;95.5
2782;95.5;95.5
2783;95.5;95.5
2784;95.5;95.5
2785;95.5;95.5
2786;95.5;95.5
2787;96.0;96.0
2788;96.0;96.0
2789;96.0;96.0
2790;96.0;96.0
2791;96.0;96.0
2792;96.0;96.0
2793;96.0;96.0
2794;96.0;96.0
2795;96.0;96.0
2796;96.0;96.0
2797;96.0;96.0
2798;96.0;96.0
2799;96.0;96.0
2800;96.0;96.0
2801;96.0;96.0
2802;96.0;96.0
2803;96.0;96.0
2804;96.0;96.0
2805;96.0;96.0
2806;96.0;96.0
2807;96.0;96.0
2808;96.0;96.0
2809;96.0;96.0
2810;96.0;96.0
2811;96.0;96.0
2812;96.0;96.0
2813;96.0;96.0
2814;96.0;96.0
2815;96.0;96.0
2816;96.0;96.0
2817;96.0;96.0
2818;96.0;96.0
2819;96.0;96.0
2820;96.0;96.0
2821;96.0;96.0
2822;96.0;96.0
2823;96.0;96.0
2824;96.0;96.0
2825;96.0;96.0
2826;96.0;96.0
2827;96.0;96.0
2828;96.0;96.0
2829;96.0;96.0
2830;96.0;96.0
2831;96.0;96.0
2832;96.0;96.0
2833;96.0;96.0
2834;96.0;96.0
2835;96.0;96.0
2836;96.0;96.0
2837;96.0;96.0
2838;96.0;96.0
2839;96.0;96.0
2840;96.0;96.0
2841;96.0;96.0
2842;96.0;96.0
2843;96.0;96.0
2844;96.0;96.0
2845;96.0;96.0
2846;95.5;95.5
2847;96.0;96.0
2848;95.5;95.5
2849;95.5;95.5
2850;95.5;95.5
2851;96.0;96.0
2852;95.5;95.5
2853;96.0;96.0
2854;95.5;95.5
2855;95.5;95.5
2856;95.5;95.5
2857;95.5;95.5
2858;96.0;96.0
2859;95.5;95.5
2860;96.0;96.0
2861;96.0;96.0
2862;96.0;96.0
2863;96.0;96.0
2864;96.0;96.0
2865;96.0;96.0
2866;96.0;96.0
2867;96.0;96.0
2868;96.0;96.0
2869;96.0;96.0
2870;96.0;96.0
2871;96.0;96.0
2872;96.0;96.0
2873;96.0;96.0
2874;96.0;96.0
2875;96.0;96.0
2876;96.0;96.0
2877;96.0;96.0
2878;96.0;96.0
2879;96.0;96.0
2880;96.0;96.0
2881;96.0;96.0
2882;96.0;96.0
2883;96.0;96.0
2884;96.0;96.0
2885;96.0;96.0
2886;96.0;96.0
2887;96.0;96.0
2888;96.0;96.0
2889;96.0;96.0
2890;96.0;96.0
2891;96.0;96.0
2892;96.0;96.0
2893;96.0;96.0
2894;96.0;96.0
2895;96.0;96.0
2896;96.0;96.0
2897;96.0;96.0
2898;96.0;96.0
2899;96.0;96.0
2900;96.0;96.0
2901;96.0;96.0
2902;96.0;96.0
2903;96.0;96.0
2904;96.0;96.0
2905;96.0;96.0
2906;96.0;96.0
2907;96.0;96.0
2908;96.0;96.0
2909;96.0;96.0
2910;96.0;96.0
2911;96.0;96.0
2912;96.0;96.0
2913;96.0;96.0
2914;96.0;96.0
2915;96.0;96.0
2916;96.0;96.0
2917;96.0;96.0
2918;96.0;96.0
2919;96.0;96.0
2920;96.0;96.0
2921;96.0;96.0
2922;96.0;96.0
2923;96.0;96.0
2924;96.0;96.0
2925;96.0;96.0
2926;96.0;96.0
2927;96.0;96.0
2928;96.0;96.0
2929;96.0;96.0
2930;96.0;96.0
2931;96.0;96.0
2932;96.0;96.0
2933;96.0;96.0
2934;96.0;96.0
2935;96.0;96.0
2936;96.0;96.0
2937;96.0;96.0
2938;96.0;96.0
2939;96.0;96.0
2940;96.0;96.0
2941;96.0;96.0
2942;96.0;96.0
2943;96.0;96.0
2944;96.0;96.0
2945;96.0;96.0
2946;96.0;96.0
2947;96.0;96.0
2948;96.0;96.0
2949;96.0;96.0
2950;96.0;96.0
2951;96.0;96.0
2952;96.0;96.0
2953;96.0;96.0
2954;96.0;96.0
2955;96.0;96.0
2956;96.0;96.0
2957;96.0;96.0
2958;96.0;96.0
2959;96.0;96.0
2960;96.0;96.0
2961;96.0;96.0
2962;96.0;96.0
2963;96.0;96.0
2964;96.0;96.0
2965;96.0;96.0
2966;96.0;96.0
2967;96.0;96.0
2968;96.0;96.0
2969;96.0;96.0
2970;96.0;96.0
2971;96.0;96.0
2972;96.0;96.0
2973;96.0;96.0
2974;96.0;96.0
2975;96.0;96.0
2976;96.0;96.0
2977;96.0;96.0
2978;96.0;96.0
2979;96.0;96.0
2980;96.0;96.0
2981;96.0;96.0
2982;96.0;96.0
2983;96.0;96.0
2984;96.0;96.0
2985;96.0;96.0
2986;96.0;96.0
2987;96.0;96.0
2988;96.0;96.0
2989;96.0;96.0
2990;96.0;96.0
2991;96.0;96.0
2992;96.0;96.0
2993;96.0;96.0
2994;96.0;96.0
2995;96.0;96.0
2996;96.0;96.0
2997;96.0;96.0
2998;96.0;96.0
2999;96.0;96.0
3000;96.0;96.0
3001;96.0;96.0
3002;96.0;96.0
3003;96.0;96.0
3004;96.0;96.0
3005;96.0;96.0
3006;96.0;96.0
3007;96.0;96.0
3008;96.0;96.0
3009;96.0;96.0
3010;96.0;96.0
3011;96.0;96.0
3012;96.0;96.0
3013;96.0;96.0
3014;96.0;96.0
3015;96.0;96.0
3016;96.0;96.0
3017;96.0;96.0
3018;96.0;96.0
3019;96.0;96.0
3020;96.0;96.0
3021;96.0;96.0
3022;96.0;96.0
3023;96.0;96.0
3024;96.0;96.0
3025;96.0;96.0
3026;96.0;96.0
3027;96.0;96.0
3028;96.0;96.0
3029;96.0;96.0
3030;96.0;96.0
3031;96.0;96.0
3032;96.0;96.0
3033;96.0;96.0
3034;96.0;96.0
3035;96.0;96.0
3036;96.0;96.0
3037;96.0;96.0
3038;96.0;96.0
3039;96.0;96.0
3040;96.0;96.0
3041;96.0;96.0
3042;96.0;96.0
3043;96.0;96.0
3044;96.0;96.0
3045;96.0;96.0
3046;96.0;96.0
3047;96.0;96.0
3048;96.0;96.0
3049;96.0;96.0
3050;96.0;96.0
3051;96.0;96.0
3052;96.0;96.0
3053;96.0;96.0
3054;96.0;96.0
3055;96.0;96.0
3056;96.0;96.0
3057;96.0;96.0
3058;96.0;96.0
3059;96.0;96.0
3060;96.0;96.0
3061;96.0;96.0
3062;96.0;96.0
3063;96.0;96.0
3064;96.0;96.0
3065;96.0;96.0
3066;96.0;96.0
3067;96.0;96.0
3068;96.0;96.0
3069;96.0;96.0
3070;96.0;96.0
3071;96.0;96.0
3072;96.0;96.0
3073;96.0;96.0
3074;96.0;96.0
3075;96.0;96.0
3076;96.0;96.0
3077;96.0;96.0
3078;96.0;96.0
3079;96.0;96.0
3080;96.0;96.0
3081;96.0;96.0
3082;96.0;96.0
3083;96.0;96.0
3084;96.0;96.0
3085;96.0;96.0
3086;96.0;96.0
3087;96.0;96.0
3088;96.0;96.0
3089;96.0;96.0
3090;96.0;96.0
3091;96.0;96.0
3092;96.0;96.0
3093;96.0;96.0
3094;96.0;96.0
3095;96.0;96.0
3096;96.0;96.0
3097;96.0;96.0
3098;96.0;96.0
3099;96.0;96.0
3100;96.0;96.0
3101;96.0;96.0
3102;96.0;96.0
3103;96.0;96.0
3104;96.0;96.0
3105;96.0;96.0
3106;96.0;96.0
3107;96.0;96.0
3108;96.0;96.0
3109;96.0;96.0
3110;96.0;96.0
3111;96.0;96.0
3112;96.0;96.0
3113;96.0;96.0
3114;96.0;96.0
3115;96.0;96.0
3116;96.0;96.0
3117;96.0;96.0
3118;96.0;96.0
3119;96.0;96.0
3120;96.0;96.0
3121;96.0;96.0
3122;96.0;96.0
3123;96.0;96.0
3124;96.0;96.0
3125;96.0;96.0
3126;96.0;96.0
3127;96.0;96.0
3128;96.0;96.0
3129;96.0;96.0
3130;96.0;96.0
3131;96.0;96.0
3132;96.0;96.0
3133;96.0;96.0
3134;96.0;96.0
3135;96.0;96.0
3136;96.0;96.0
3137;96.0;96.0
3138;96.0;96.0
3139;96.0;96.0
3140;96.0;96.0
3141;96.0;96.0
3142;96.0;96.0
3143;96.0;96.0
3144;96.0;96.0
3145;96.0;96.0
3146;96.0;96.0
3147;96.0;96.0
3148;96.0;96.0
3149;96.0;96.0
3150;96.0;96.0
3151;96.0;96.0
3152;96.0;96.0
3153;96.0;96.0
3154;96.0;96.0
3155;96.0;96.0
3156;96.0;96.0
3157;96.0;96.0
3158;96.0;96.0
3159;96.0;96.0
3160;96.0;96.0
3161;96.0;96.0
3162;96.0;96.0
3163;96.0;96.0
3164;96.0;96.0
3165;96.0;96.0
3166;96.0;96.0
3167;96.0;96.0
3168;96.0;96.0
3169;96.0;96.0
3170;96.0;96.0
3171;96.0;96.0
3172;96.0;96.0
3173;96.0;96.0
3174;96.0;96.0
3175;96.0;96.0
3176;96.0;96.0
3177;96.0;96.0
3178;96.0;96.0
3179;96.0;96.0
3180;96.0;96.0
3181;96.0;96.0
3182;96.0;96.0
3183;96.0;96.0
3184;96.0;96.0
3185;96.0;96.0
3186;96.0;96.0
3187;96.0;96.0
3188;96.0;96.0
3189;96.0;96.0
3190;96.0;96.0
3191;96.0;96.0
3192;96.0;96.0
3193;96.0;96.0
3194;96.0;96.0
3195;96.0;96.0
3196;96.0;96.0
3197;96.0;96.0
3198;96.0;96.0
3199;96.0;96.0
3200;96.0;96.0
3201;96.0;96.0
3202;96.0;96.0
3203;96.0;96.0
3204;96.0;96.0
3205;96.0;96.0
3206;96.0;96.0
3207;96.0;96.0
3208;96.0;96.0
3209;96.0;96.0
3210;96.0;96.0
3211;96.0;96.0
3212;96.0;96.0
3213;96.0;96.0
3214;96.0;96.0
3215;96.0;96.0
3216;96.0;96.0
3217;96.0;96.0
3218;96.0;96.0
3219;96.0;96.0
3220;96.0;96.0
3221;96.0;96.0
3222;96.0;96.0
3223;96.0;96.0
3224;96.0;96.0
3225;96.0;96.0
3226;96.0;96.0
3227;96.0;96.0
3228;96.0;96.0
3229;96.0;96.0
3230;96.0;96.0
3231;96.0;96.0
3232;96.0;96.0
3233;96.0;96.0
3234;96.0;96.0
3235;96.0;96.0
3236;96.0;96.0
3237;96.0;96.0
3238;96.0;96.0
3239;96.0;96.0
3240;96.0;96.0
3241;96.0;96.0
3242;96.0;96.0
3243;96.0;96.0
3244;96.0;96.0
3245;96.0;96.0
3246;96.0;96.0
3247;96.0;96.0
3248;96.0;96.0
3249;96.0;96.0
3250;96.0;96.0
3251;96.0;96.0
3252;96.0;96.0
3253;96.0;96.0
3254;96.0;96.0
3255;96.0;96.0
3256;96.0;96.0
3257;96.0;96.0
3258;96.0;96.0
3259;96.0;96.0
3260;96.0;96.0
3261;96.0;96.0
3262;96.0;96.0
3263;96.0;96.0
3264;96.0;96.0
3265;96.0;96.0
3266;96.0;96.0
3267;96.0;96.0
3268;96.0;96.0
3269;96.0;96.0
3270;96.0;96.0
3271;96.0;96.0
3272;96.0;96.0
3273;96.0;96.0
3274;96.0;96.0
3275;96.0;96.0
3276;96.0;96.0
3277;96.0;96.0
3278;96.0;96.0
3279;96.0;96.0
3280;96.0;96.0
3281;96.0;96.0
3282;96.0;96.0
3283;96.0;96.0
3284;96.0;96.0
3285;96.0;96.0
3286;96.0;96.0
3287;96.0;96.0
3288;96.0;96.0
3289;96.0;96.0
3290;96.0;96.0
3291;96.0;96.0
3292;96.0;96.0
3293;96.0;96.0
3294;96.0;96.0
3295;96.0;96.0
3296;96.0;96.0
3297;96.0;96.0
3298;96.0;96.0
3299;96.0;96.0
3300;96.0;96.0
3301;96.0;96.0
3302;96.0;96.0
3303;96.0;96.0
3304;96.0;96.0
3305;96.0;96.0
3306;96.0;96.0
3307;96.0;96.0
3308;96.0;96.0
3309;96.0;96.0
3310;96.0;96.0
3311;96.0;96.0
3312;96.0;96.0
3313;96.0;96.0
3314;96.0;96.0
3315;96.0;96.0
3316;96.0;96.0
3317;96.0;96.0
3318;96.0;96.0
3319;96.0;96.0
3320;96.0;96.0
3321;96.0;96.0
3322;96.0;96.0
3323;96.0;96.0
3324;96.0;96.0
3325;96.0;96.0
3326;96.0;96.0
3327;96.0;96.0
3328;96.0;96.0
3329;96.0;96.0
3330;96.0;96.0
3331;96.0;96.0
3332;96.0;96.0
3333;96.0;96.0
3334;96.0;96.0
3335;96.0;96.0
3336;96.0;96.0
3337;96.0;96.0
3338;96.0;96.0
3339;96.0;96.0
3340;96.0;96.0
3341;96.0;96.0
3342;96.0;96.0
3343;96.0;96.0
3344;96.0;96.0
3345;96.0;96.0
3346;96.0;96.0
3347;96.0;96.0
3348;96.0;96.0
3349;96.0;96.0
3350;96.0;96.0
3351;96.0;96.0
3352;96.0;96.0
3353;96.0;96.0
3354;96.0;96.0
3355;96.0;96.0
3356;96.0;96.0
3357;96.0;96.0
3358;96.0;96.0
3359;96.0;96.0
3360;96.0;96.0
3361;96.0;96.0
3362;96.0;96.0
3363;96.0;96.0
3364;96.0;96.0
3365;96.0;96.0
3366;96.0;96.0
3367;96.0;96.0
3368;96.0;96.0
3369;96.0;96.0
3370;96.0;96.0
3371;96.0;96.0
3372;96.0;96.0
3373;96.0;96.0
3374;96.0;96.0
3375;96.0;96.0
3376;96.0;96.0
3377;96.0;96.0
3378;96.0;96.0
3379;96.0;96.0
3380;96.0;96.0
3381;96.0;96.0
3382;96.0;96.0
3383;96.0;96.0
3384;96.0;96.0
3385;96.0;96.0
3386;96.0;96.0
3387;96.0;96.0
3388;96.0;96.0
3389;96.0;96.0
3390;96.0;96.0
3391;96.0;96.0
3392;96.0;96.0
3393;96.0;96.0
3394;96.0;96.0
3395;96.0;96.0
3396;96.0;96.0
3397;96.0;96.0
3398;96.0;96.0
3399;96.0;96.0
3400;96.0;96.0
3401;96.0;96.0
3402;96.0;96.0
3403;96.0;96.0
3404;96.0;96.0
3405;96.0;96.0
3406;96.0;96.0
3407;96.0;96.0
3408;96.0;96.0
3409;96.0;96.0
3410;96.0;96.0
3411;96.0;96.0
3412;96.0;96.0
3413;96.0;96.0
3414;96.0;96.0
3415;96.0;96.0
3416;96.0;96.0
3417;96.0;96.0
3418;96.0;96.0
3419;96.0;96.0
3420;96.0;96.0
3421;96.0;96.0
3422;96.0;96.0
3423;96.0;96.0
3424;96.0;96.0
3425;96.0;96.0
3426;96.0;96.0
3427;96.0;96.0
3428;96.0;96.0
3429;96.0;96.0
3430;96.0;96.0
3431;96.0;96.0
3432;96.0;96.0
3433;96.0;96.0
3434;96.0;96.0
3435;96.0;96.0
3436;96.0;96.0
3437;96.0;96.0
3438;96.0;96.0
3439;96.0;96.0
3440;96.0;96.0
3441;96.0;96.0
3442;96.0;96.0
3443;96.0;96.0
3444;96.0;96.0
3445;96.0;96.0
3446;96.0;96.0
3447;96.0;96.0
3448;96.0;96.0
3449;96.0;96.0
3450;96.0;96.0
3451;96.0;96.0
3452;96.0;96.0
3453;96.0;96.0
3454;96.0;96.0
3455;96.0;96.0
3456;96.0;96.0
3457;96.0;96.0
3458;96.0;96.0
3459;96.0;96.0
3460;96.0;96.0
3461;96.0;96.0
3462;96.0;96.0
3463;96.0;96.0
3464;96.0;96.0
3465;96.0;96.0
3466;96.0;96.0
3467;96.0;96.0
3468;96.0;96.0
3469;96.0;96.0
3470;96.0;96.0
3471;96.0;96.0
3472;96.0;96.0
3473;96.0;96.0
3474;96.0;96.0
3475;96.0;96.0
3476;96.0;96.0
3477;96.0;96.0
3478;96.0;96.0
3479;96.0;96.0
3480;96.0;96.0
3481;96.0;96.0
3482;96.0;96.0
3483;96.0;96.0
3484;96.0;96.0
3485;96.0;96.0
3486;96.0;96.0
3487;96.0;96.0
3488;96.0;96.0
3489;96.0;96.0
3490;96.0;96.0
3491;96.0;96.0
3492;96.0;96.0
3493;96.0;96.0
3494;96.0;96.0
3495;96.0;96.0
3496;96.0;96.0
3497;96.0;96.0
3498;96.0;96.0
3499;96.0;96.0
3500;96.0;96.0
3501;96.0;96.0
3502;96.0;96.0
3503;96.0;96.0
3504;96.0;96.0
3505;96.0;96.0
3506;96.0;96.0
3507;96.0;96.0
3508;96.0;96.0
3509;96.0;96.0
3510;96.0;96.0
3511;96.0;96.0
3512;96.0;96.0
3513;96.0;96.0
3514;96.0;96.0
3515;96.0;96.0
3516;96.0;96.0
3517;96.0;96.0
3518;96.0;96.0
3519;96.0;96.0
3520;96.0;96.0
3521;96.0;96.0
3522;96.0;96.0
3523;96.0;96.0
3524;96.0;96.0
3525;96.0;96.0
3526;96.0;96.0
3527;96.0;96.0
3528;96.0;96.0
3529;96.0;96.0
3530;96.0;96.0
3531;96.0;96.0
3532;96.0;96.0
3533;96.0;96.0
3534;96.0;96.0
3535;96.0;96.0
3536;96.0;96.0
3537;96.0;96.0
3538;96.0;96.0
3539;96.0;96.0
3540;96.0;96.0
3541;96.0;96.0
3542;96.0;96.0
3543;96.0;96.0
3544;96.0;96.0
3545;96.0;96.0
3546;96.0;96.0
3547;96.0;96.0
3548;96.0;96.0
3549;96.0;96.0
3550;96.0;96.0
3551;96.0;96.0
3552;96.0;96.0
3553;96.0;96.0
3554;96.0;96.0
3555;96.0;96.0
3556;96.0;96.0
3557;96.0;96.0
3558;96.0;96.0
3559;96.0;96.0
3560;96.0;96.0
3561;96.0;96.0
3562;96.0;96.0
3563;96.0;96.0
3564;96.0;96.0
3565;96.0;96.0
3566;96.0;96.0
3567;96.0;96.0
3568;96.0;96.0
3569;96.0;96.0
3570;96.0;96.0
3571;96.0;96.0
3572;96.0;96.0
3573;96.0;96.0
3574;96.0;96.0
3575;96.0;96.0
3576;96.0;96.0
3577;96.0;96.0
3578;96.0;96.0
3579;96.0;96.0
3580;96.0;96.0
3581;96.0;96.0
3582;96.0;96.0
3583;96.0;96.0
3584;96.0;96.0
3585;96.0;96.0
3586;96.0;96.0
3587;96.0;96.0
3588;96.0;96.0
3589;96.0;96.0
3590;96.0;96.0
3591;96.0;96.0
3592;96.0;96.0
3593;96.0;96.0
3594;96.0;96.0
3595;96.0;96.0
3596;96.0;96.0
3597;96.0;96.0
3598;96.0;96.0
3599;96.0;96.0
3600;96.0;96.0
3601;96.0;96.0
3602;96.0;96.0
3603;96.0;96.0
3604;96.0;96.0
3605;96.0;96.0
3606;96.0;96.0
3607;96.0;96.0
3608;96.0;96.0
3609;96.0;96.0
3610;96.0;96.0
3611;96.0;96.0
3612;96.0;96.0
3613;96.0;96.0
3614;96.0;96.0
3615;96.0;96.0
3616;96.0;96.0
3617;96.0;96.0
3618;96.0;96.0
3619;96.0;96.0
3620;96.0;96.0
3621;96.0;96.0
3622;96.0;96.0
3623;96.0;96.0
3624;96.0;96.0
3625;96.0;96.0
3626;96.0;96.0
3627;96.0;96.0
3628;96.0;96.0
3629;96.0;96.0
3630;96.0;96.0
3631;96.0;96.0
3632;96.0;96.0
3633;96.0;96.0
3634;96.0;96.0
3635;96.0;96.0
3636;96.0;96.0
3637;96.0;96.0
3638;96.0;96.0
3639;96.0;96.0
3640;96.0;96.0
3641;96.0;96.0
3642;96.0;96.0
3643;96.0;96.0
3644;96.0;96.0
3645;96.0;96.0
3646;96.0;96.0
3647;96.0;96.0
3648;96.0;96.0
3649;96.0;96.0
3650;96.0;96.0
3651;96.0;96.0
3652;96.0;96.0
3653;96.0;96.0
3654;96.0;96.0
3655;96.0;96.0
3656;96.0;96.0
3657;96.0;96.0
3658;96.0;96.0
3659;96.0;96.0
3660;96.0;96.0
3661;96.0;96.0
3662;96.0;96.0
3663;96.0;96.0
3664;96.0;96.0
3665;96.0;96.0
3666;96.0;96.0
3667;96.0;96.0
3668;96.0;96.0
3669;96.0;96.0
3670;96.0;96.0
3671;96.0;96.0
3672;96.0;96.0
3673;96.0;96.0
3674;96.0;96.0
3675;96.0;96.0
3676;96.0;96.0
3677;96.0;96.0
3678;96.0;96.0
3679;96.0;96.0
3680;96.0;96.0
3681;96.0;96.0
3682;96.0;96.0
3683;96.0;96.0
3684;96.0;96.0
3685;96.0;96.0
3686;96.0;96.0
3687;96.0;96.0
3688;96.0;96.0
3689;96.0;96.0
3690;96.0;96.0
3691;96.0;96.0
3692;96.0;96.0
3693;96.0;96.0
3694;96.0;96.0
3695;96.0;96.0
3696;96.0;96.0
3697;96.0;96.0
3698;96.0;96.0
3699;96.0;96.0
3700;96.0;96.0
3701;96.0;96.0
3702;96.0;96.0
3703;96.0;96.0
3704;96.0;96.0
3705;96.0;96.0
3706;96.0;96.0
3707;96.0;96.0
3708;96.0;96.0
3709;96.0;96.0
3710;96.0;96.0
3711;96.0;96.0
3712;96.0;96.0
3713;96.0;96.0
3714;96.0;96.0
3715;96.0;96.0
3716;96.0;96.0
3717;96.0;96.0
3718;96.0;96.0
3719;96.0;96.0
3720;96.0;96.0
3721;96.0;96.0
3722;96.0;96.0
3723;96.0;96.0
3724;96.0;96.0
3725;96.0;96.0
3726;96.0;96.0
3727;96.0;96.0
3728;96.0;96.0
3729;96.0;96.0
3730;96.0;96.0
3731;96.0;96.0
3732;96.0;96.0
3733;96.0;96.0
3734;96.0;96.0
3735;96.0;96.0
3736;96.0;96.0
3737;96.0;96.0
3738;96.0;96.0
3739;96.0;96.0
3740;96.0;96.0
3741;96.0;96.0
3742;96.0;96.0
3743;96.0;96.0
3744;96.0;96.0
3745;96.0;96.0
3746;96.0;96.0
3747;96.0;96.0
3748;96.0;96.0
3749;96.0;96.0
3750;96.0;96.0
3751;96.0;96.0
3752;96.0;96.0
3753;96.0;96.0
3754;96.0;96.0
3755;96.0;96.0
3756;96.0;96.0
3757;96.0;96.0
3758;96.0;96.0
3759;96.0;96.0
3760;96.0;96.0
3761;96.0;96.0
3762;96.0;96.0
3763;96.0;96.0
3764;96.0;96.0
3765;96.0;96.0
3766;96.0;96.0
3767;96.0;96.0
3768;96.0;96.0
3769;96.0;96.0
3770;96.0;96.0
3771;96.0;96.0
3772;96.0;96.0
3773;96.0;96.0
3774;96.0;96.0
3775;96.0;96.0
3776;96.0;96.0
3777;96.0;96.0
3778;96.0;96.0
3779;96.0;96.0
3780;96.0;96.0
3781;96.0;96.0
3782;96.0;96.0
3783;96.0;96.0
3784;96.0;96.0
3785;96.0;96.0
3786;96.0;96.0
3787;96.0;96.0
3788;96.0;96.0
3789;96.0;96.0
3790;96.0;96.0
3791;96.0;96.0
3792;96.0;96.0
3793;96.0;96.0
3794;96.0;96.0
3795;96.0;96.0
3796;96.0;96.0
3797;96.0;96.0
3798;96.0;96.0
3799;96.0;96.0
3800;96.0;96.0
3801;96.0;96.0
3802;96.0;96.0
3803;96.0;96.0
3804;96.0;96.0
3805;96.0;96.0
3806;96.0;96.0
3807;96.0;96.0
3808;96.0;96.0
3809;96.0;96.0
3810;96.0;96.0
3811;96.0;96.0
3812;96.0;96.0
3813;96.0;96.0
3814;96.0;96.0
3815;96.0;96.0
3816;96.0;96.0
3817;96.0;96.0
3818;96.0;96.0
3819;96.0;96.0
3820;96.0;96.0
3821;96.0;96.0
3822;96.0;96.0
3823;96.0;96.0
3824;96.0;96.0
3825;96.0;96.0
3826;96.0;96.0
3827;96.0;96.0
3828;96.0;96.0
3829;96.0;96.0
3830;96.0;96.0
3831;96.0;96.0
3832;96.0;96.0
3833;96.0;96.0
3834;96.0;96.0
3835;96.0;96.0
3836;96.0;96.0
3837;96.0;96.0
3838;96.0;96.0
3839;96.0;96.0
3840;96.0;96.0
3841;96.0;96.0
3842;96.0;96.0
3843;96.0;96.0
3844;96.0;96.0
3845;96.0;96.0
3846;96.0;96.0
3847;96.0;96.0
3848;96.0;96.0
3849;96.0;96.0
3850;96.0;96.0
3851;96.0;96.0
3852;96.0;96.0
3853;96.0;96.0
3854;96.0;96.0
3855;96.0;96.0
3856;96.0;96.0
3857;96.0;96.0
3858;96.0;96.0
3859;96.0;96.0
3860;96.0;96.0
3861;96.0;96.0
3862;96.0;96.0
3863;96.0;96.0
3864;96.0;96.0
3865;96.0;96.0
3866;96.0;96.0
3867;96.0;96.0
3868;96.0;96.0
3869;96.0;96.0
3870;96.0;96.0
3871;96.0;96.0
3872;96.0;96.0
3873;96.0;96.0
3874;96.0;96.0
3875;96.0;96.0
3876;96.0;96.0
3877;96.0;96.0
3878;96.0;96.0
3879;96.0;96.0
3880;96.0;96.0
3881;96.0;96.0
3882;96.0;96.0
3883;96.0;96.0
3884;96.0;96.0
3885;96.0;96.0
3886;96.0;96.0
3887;96.0;96.0
3888;96.0;96.0
3889;96.0;96.0
3890;96.0;96.0
3891;96.0;96.0
3892;96.0;96.0
3893;96.0;96.0
3894;96.0;96.0
3895;96.0;96.0
3896;96.0;96.0
3897;96.0;96.0
3898;96.0;96.0
3899;96.0;96.0
3900;96.0;96.0
3901;96.0;96.0
3902;96.0;96.0
3903;96.0;96.0
3904;96.0;96.0
3905;96.0;96.0
3906;96.0;96.0
3907;96.0;96.0
3908;96.0;96.0
3909;96.0;96.0
3910;96.0;96.0
3911;96.0;96.0
3912;96.0;96.0
3913;96.0;96.0
3914;96.0;96.0
3915;96.0;96.0
3916;96.0;96.0
3917;96.0;96.0
3918;96.0;96.0
3919;96.0;96.0
3920;96.0;96.0
3921;96.0;96.0
3922;96.0;96.0
3923;96.0;96.0
3924;96.0;96.0
3925;96.0;96.0
3926;96.0;96.0
3927;96.0;96.0
3928;96.0;96.0
3929;96.0;96.0
3930;96.0;96.0
3931;96.0;96.0
3932;96.0;96.0
3933;96.0;96.0
3934;96.0;96.0
3935;96.0;96.0
3936;96.0;96.0
3937;96.0;96.0
3938;96.0;96.0
3939;96.0;96.0
3940;96.0;96.0
3941;96.0;96.0
3942;96.0;96.0
3943;96.0;96.0
3944;96.0;96.0
3945;96.0;96.0
3946;96.0;96.0
3947;96.0;96.0
3948;96.0;96.0
3949;96.0;96.0
3950;96.0;96.0
3951;96.0;96.0
3952;96.0;96.0
3953;96.0;96.0
3954;96.0;96.0
3955;96.0;96.0
3956;96.0;96.0
3957;96.0;96.0
3958;96.0;96.0
3959;96.0;96.0
3960;96.0;96.0
3961;96.0;96.0
3962;96.0;96.0
3963;96.0;96.0
3964;96.0;96.0
3965;96.0;96.0
3966;96.0;96.0
3967;96.0;96.0
3968;96.0;96.0
3969;96.0;96.0
3970;96.0;96.0
3971;96.0;96.0
3972;96.0;96.0
3973;96.0;96.0
3974;96.0;96.0
3975;96.0;96.0
3976;96.0;96.0
3977;96.0;96.0
3978;96.0;96.0
3979;96.0;96.0
3980;96.0;96.0
3981;96.0;96.0
3982;96.0;96.0
3983;96.0;96.0
3984;96.0;96.0
3985;96.0;96.0
3986;96.0;96.0
3987;96.0;96.0
3988;96.0;96.0
3989;96.0;96.0
3990;96.0;96.0
3991;96.0;96.0
3992;96.0;96.0
3993;96.0;96.0
3994;96.0;96.0
3995;96.0;96.0
3996;96.0;96.0
3997;96.0;96.0
3998;96.0;96.0
3999;96.0;96.0
4000;96.0;96.0
4001;96.0;96.0
4002;96.0;96.0
4003;96.0;96.0
4004;96.0;96.0
4005;96.0;96.0
4006;96.0;96.0
4007;96.0;96.0
4008;96.0;96.0
4009;96.0;96.0
4010;96.0;96.0
4011;96.0;96.0
4012;96.0;96.0
4013;96.0;96.0
4014;96.0;96.0
4015;96.0;96.0
4016;96.0;96.0
4017;96.0;96.0
4018;96.0;96.0
4019;96.0;96.0
4020;96.0;96.0
4021;96.0;96.0
4022;96.0;96.0
4023;96.0;96.0
4024;96.0;96.0
4025;96.0;96.0
4026;96.0;96.0
4027;96.0;96.0
4028;96.0;96.0
4029;96.0;96.0
4030;96.0;96.0
4031;96.0;96.0
4032;96.0;96.0
4033;96.0;96.0
4034;96.0;96.0
4035;96.0;96.0
4036;96.0;96.0
4037;96.0;96.0
4038;96.0;96.0
4039;96.0;96.0
4040;96.0;96.0
4041;96.0;96.0
4042;96.0;96.0
4043;96.0;96.0
4044;96.0;96.0
4045;96.0;96.0
4046;96.0;96.0
4047;96.0;96.0
4048;96.0;96.0
4049;96.0;96.0
4050;96.0;96.0
4051;96.0;96.0
4052;96.0;96.0
4053;96.0;96.0
4054;96.0;96.0
4055;96.0;96.0
4056;96.0;96.0
4057;96.0;96.0
4058;96.0;96.0
4059;96.0;96.0
4060;96.0;96.0
4061;96.0;96.0
4062;96.0;96.0
4063;96.0;96.0
4064;96.0;96.0
4065;96.0;96.0
4066;96.0;96.0
4067;96.0;96.0
4068;96.0;96.0
4069;96.0;96.0
4070;96.0;96.0
4071;96.0;96.0
4072;96.0;96.0
4073;96.0;96.0
4074;96.0;96.0
4075;96.0;96.0
4076;96.0;96.0
4077;96.0;96.0
4078;96.0;96.0
4079;96.0;96.0
4080;96.0;96.0
4081;96.0;96.0
4082;96.0;96.0
4083;96.0;96.0
4084;96.0;96.0
4085;96.0;96.0
4086;96.0;96.0
4087;96.0;96.0
4088;96.0;96.0
4089;96.0;96.0
4090;96.0;96.0
4091;96.0;96.0
4092;96.0;96.0
4093;96.0;96.0
4094;96.0;96.0
4095;96.0;96.0
4096;96.0;96.0
4097;96.0;96.0
4098;96.0;96.0
4099;96.0;96.0
4100;96.0;96.0
4101;96.0;96.0
4102;96.0;96.0
4103;96.0;96.0
4104;96.0;96.0
4105;96.0;96.0
4106;96.0;96.0
4107;96.0;96.0
4108;96.0;96.0
4109;96.0;96.0
4110;96.0;96.0
4111;96.0;96.0
4112;96.0;96.0
4113;96.0;96.0
4114;96.0;96.0
4115;96.0;96.0
4116;96.0;96.0
4117;96.0;96.0
4118;96.0;96.0
4119;96.0;96.0
4120;96.0;96.0
4121;96.0;96.0
4122;96.0;96.0
4123;96.0;96.0
4124;96.0;96.0
4125;96.0;96.0
4126;96.0;96.0
4127;96.0;96.0
4128;96.0;96.0
4129;96.0;96.0
4130;96.0;96.0
4131;96.0;96.0
4132;96.0;96.0
4133;96.0;96.0
4134;96.0;96.0
4135;96.0;96.0
4136;96.0;96.0
4137;96.0;96.0
4138;96.0;96.0
4139;96.0;96.0
4140;96.0;96.0
4141;96.0;96.0
4142;96.0;96.0
4143;96.0;96.0
4144;96.0;96.0
4145;96.0;96.0
4146;96.0;96.0
4147;96.0;96.0
4148;96.0;96.0
4149;96.0;96.0
4150;96.0;96.0
4151;96.0;96.0
4152;96.0;96.0
4153;96.0;96.0
4154;96.0;96.0
4155;96.0;96.0
4156;96.0;96.0
4157;96.0;96.0
4158;96.0;96.0
4159;96.0;96.0
4160;96.0;96.0
4161;96.0;96.0
4162;96.0;96.0
4163;96.0;96.0
4164;96.0;96.0
4165;96.0;96.0
4166;96.0;96.0
4167;96.0;96.0
4168;96.0;96.0
4169;96.0;96.0
4170;96.0;96.0
4171;96.0;96.0
4172;96.0;96.0
4173;96.0;96.0
4174;96.0;96.0
4175;96.0;96.0
4176;96.0;96.0
4177;96.0;96.0
4178;96.0;96.0
4179;96.0;96.0
4180;96.0;96.0
4181;96.0;96.0
4182;96.0;96.0
4183;96.0;96.0
4184;96.0;96.0
4185;96.0;96.0
4186;96.0;96.0
4187;96.0;96.0
4188;96.0;96.0
4189;96.0;96.0
4190;96.0;96.0
4191;96.0;96.0
4192;96.0;96.0
4193;96.0;96.0
4194;96.0;96.0
4195;96.0;96.0
4196;96.0;96.0
4197;96.0;96.0
4198;96.0;96.0
4199;96.0;96.0
4200;96.0;96.0
4201;96.0;96.0
4202;96.0;96.0
4203;96.0;96.0
4204;96.0;96.0
4205;96.0;96.0
4206;96.0;96.0
4207;96.0;96.0
4208;96.0;96.0
4209;96.0;96.0
4210;96.0;96.0
4211;96.0;96.0
4212;96.0;96.0
4213;96.0;96.0
4214;96.0;96.0
4215;96.0;96.0
4216;96.0;96.0
4217;96.0;96.0
4218;96.0;96.0
4219;96.0;96.0
4220;96.0;96.0
4221;96.0;96.0
4222;96.0;96.0
4223;96.0;96.0
4224;96.0;96.0
4225;96.0;96.0
4226;96.0;96.0
4227;96.0;96.0
4228;96.0;96.0
4229;96.0;96.0
4230;96.0;96.0
4231;96.0;96.0
4232;96.0;96.0
4233;96.0;96.0
4234;96.0;96.0
4235;96.0;96.0
4236;96.0;96.0
4237;96.0;96.0
4238;96.0;96.0
4239;96.0;96.0
4240;96.0;96.0
4241;96.0;96.0
4242;96.0;96.0
4243;96.0;96.0
4244;96.0;96.0
4245;96.0;96.0
4246;96.0;96.0
4247;96.0;96.0
4248;96.0;96.0
4249;96.0;96.0
4250;96.0;96.0
4251;96.0;96.0
4252;96.0;96.0
4253;96.0;96.0
4254;96.0;96.0
4255;96.0;96.0
4256;96.0;96.0
4257;96.0;96.0
4258;96.0;96.0
4259;96.0;96.0
4260;96.0;96.0
4261;96.0;96.0
4262;96.0;96.0
4263;96.0;96.0
4264;96.0;96.0
4265;96.0;96.0
4266;96.0;96.0
4267;96.0;96.0
4268;96.0;96.0
4269;96.0;96.0
4270;96.0;96.0
4271;96.0;96.0
4272;96.0;96.0
4273;96.0;96.0
4274;96.0;96.0
4275;96.0;96.0
4276;96.0;96.0
4277;96.0;96.0
4278;96.0;96.0
4279;96.0;96.0
4280;96.0;96.0
4281;96.0;96.0
4282;96.0;96.0
4283;96.0;96.0
4284;96.0;96.0
4285;96.0;96.0
4286;96.0;96.0
4287;96.0;96.0
4288;96.0;96.0
4289;96.0;96.0
4290;96.0;96.0
4291;96.0;96.0
4292;96.0;96.0
4293;96.0;96.0
4294;96.0;96.0
4295;96.0;96.0
4296;96.0;96.0
4297;96.0;96.0
4298;96.0;96.0
4299;96.0;96.0
4300;96.0;96.0
4301;96.0;96.0
4302;96.0;96.0
4303;96.0;96.0
4304;96.0;96.0
4305;96.0;96.0
4306;96.0;96.0
4307;96.0;96.0
4308;96.0;96.0
4309;96.0;96.0
4310;96.0;96.0
4311;96.0;96.0
4312;96.0;96.0
4313;96.0;96.0
4314;96.0;96.0
4315;96.0;96.0
4316;96.0;96.0
4317;96.0;96.0
4318;96.0;96.0
4319;96.0;96.0
4320;96.0;96.0
4321;96.0;96.0
4322;96.0;96.0
4323;96.0;96.0
4324;96.0;96.0
4325;96.0;96.0
4326;96.0;96.0
4327;96.0;96.0
4328;96.0;96.0
4329;96.0;96.0
4330;96.0;96.0
4331;96.0;96.0
4332;96.0;96.0
4333;96.0;96.0
4334;96.0;96.0
4335;96.0;96.0
4336;96.0;96.0
4337;96.0;96.0
4338;96.0;96.0
4339;96.0;96.0
4340;96.0;96.0
4341;96.0;96.0
4342;96.0;96.0
4343;96.0;96.0
4344;96.0;96.0
4345;96.0;96.0
4346;96.0;96.0
4347;96.0;96.0
4348;96.0;96.0
4349;96.0;96.0
4350;96.0;96.0
4351;96.0;96.0
4352;96.0;96.0
4353;96.0;96.0
4354;96.0;96.0
4355;96.0;96.0
4356;96.0;96.0
4357;96.0;96.0
4358;96.0;96.0
4359;96.0;96.0
4360;96.0;96.0
4361;96.0;96.0
4362;96.0;96.0
4363;96.0;96.0
4364;96.0;96.0
4365;96.0;96.0
4366;96.0;96.0
4367;96.0;96.0
4368;96.0;96.0
4369;96.0;96.0
4370;96.0;96.0
4371;96.0;96.0
4372;96.0;96.0
4373;96.0;96.0
4374;96.0;96.0
4375;96.0;96.0
4376;96.0;96.0
4377;96.0;96.0
4378;96.0;96.0
4379;96.0;96.0
4380;96.0;96.0
4381;96.0;96.0
4382;96.0;96.0
4383;96.0;96.0
4384;96.0;96.0
4385;96.0;96.0
4386;96.0;96.0
4387;96.0;96.0
4388;96.0;96.0
4389;96.0;96.0
4390;96.0;96.0
4391;96.0;96.0
4392;96.0;96.0
4393;96.0;96.0
4394;96.0;96.0
4395;96.0;96.0
4396;96.0;96.0
4397;96.0;96.0
4398;96.0;96.0
4399;96.0;96.0
4400;96.0;96.0
4401;96.0;96.0
4402;96.0;96.0
4403;96.0;96.0
4404;96.0;96.0
4405;96.0;96.0
4406;96.0;96.0
4407;96.0;96.0
4408;96.0;96.0
4409;96.0;96.0
4410;96.0;96.0
4411;96.0;96.0
4412;96.0;96.0
4413;96.0;96.0
4414;96.0;96.0
4415;96.0;96.0
4416;96.0;96.0
4417;96.0;96.0
4418;96.0;96.0
4419;96.0;96.0
4420;96.0;96.0
4421;96.0;96.0
4422;96.0;96.0
4423;96.0;96.0
4424;96.0;96.0
4425;96.0;96.0
4426;96.0;96.0
4427;96.0;96.0
4428;96.0;96.0
4429;96.0;96.0
4430;96.0;96.0
4431;96.0;96.0
4432;96.0;96.0
4433;96.0;96.0
4434;96.0;96.0
4435;96.0;96.0
4436;96.0;96.0
4437;96.0;96.0
4438;96.0;96.0
4439;96.0;96.0
4440;96.0;96.0
4441;96.0;96.0
4442;96.0;96.0
4443;96.0;96.0
4444;96.0;96.0
4445;96.0;96.0
4446;96.0;96.0
4447;96.0;96.0
4448;96.0;96.0
4449;96.0;96.0
4450;96.0;96.0
4451;96.0;96.0
4452;96.0;96.0
4453;96.0;96.0
4454;96.0;96.0
4455;96.0;96.0
4456;96.0;96.0
4457;96.0;96.0
4458;96.0;96.0
4459;96.0;96.0
4460;96.0;96.0
4461;96.0;96.0
4462;96.0;96.0
4463;96.0;96.0
4464;96.0;96.0
4465;96.0;96.0
4466;96.0;96.0
4467;96.0;96.0
4468;96.0;96.0
4469;96.0;96.0
4470;96.0;96.0
4471;96.0;96.0
4472;96.0;96.0
4473;96.0;96.0
4474;96.0;96.0
4475;96.0;96.0
4476;96.0;96.0
4477;96.0;96.0
4478;96.0;96.0
4479;96.0;96.0
4480;96.0;96.0
4481;96.0;96.0
4482;96.0;96.0
4483;96.0;96.0
4484;96.0;96.0
4485;96.0;96.0
4486;96.0;96.0
4487;96.0;96.0
4488;96.0;96.0
4489;96.0;96.0
4490;96.0;96.0
4491;96.0;96.0
4492;96.0;96.0
4493;96.0;96.0
4494;96.0;96.0
4495;96.0;96.0
4496;96.0;96.0
4497;96.0;96.0
4498;96.0;96.0
4499;96.0;96.0
4500;96.0;96.0
4501;96.0;96.0
4502;96.0;96.0
4503;96.0;96.0
4504;96.0;96.0
4505;96.0;96.0
4506;96.0;96.0
4507;96.0;96.0
4508;96.0;96.0
4509;96.0;96.0
4510;96.0;96.0
4511;96.0;96.0
4512;96.0;96.0
4513;96.0;96.0
4514;96.0;96.0
4515;96.0;96.0
4516;96.0;96.0
4517;96.0;96.0
4518;96.0;96.0
4519;96.0;96.0
4520;96.0;96.0
4521;96.0;96.0
4522;96.0;96.0
4523;96.0;96.0
4524;96.0;96.0
4525;96.0;96.0
4526;96.0;96.0
4527;96.0;96.0
4528;96.0;96.0
4529;96.0;96.0
4530;96.0;96.0
4531;96.0;96.0
4532;96.0;96.0
4533;96.0;96.0
4534;96.0;96.0
4535;96.0;96.0
4536;96.0;96.0
4537;96.0;96.0
4538;96.0;96.0
4539;96.0;96.0
4540;96.0;96.0
4541;96.0;96.0
4542;96.0;96.0
4543;96.0;96.0
4544;96.0;96.0
4545;96.0;96.0
4546;96.0;96.0
4547;96.0;96.0
4548;96.0;96.0
4549;96.0;96.0
4550;96.0;96.0
4551;96.0;96.0
4552;96.0;96.0
4553;96.0;96.0
4554;96.0;96.0
4555;96.0;96.0
4556;96.0;96.0
4557;96.0;96.0
4558;96.0;96.0
4559;96.0;96.0
4560;96.0;96.0
4561;96.0;96.0
4562;96.0;96.0
4563;96.0;96.0
4564;96.0;96.0
4565;96.0;96.0
4566;96.0;96.0
4567;96.0;96.0
4568;96.0;96.0
4569;96.0;96.0
4570;96.0;96.0
4571;96.0;96.0
4572;96.0;96.0
4573;96.0;96.0
4574;96.0;96.0
4575;96.0;96.0
4576;96.0;96.0
4577;96.0;96.0
4578;96.0;96.0
4579;96.0;96.0
4580;96.0;96.0
4581;96.0;96.0
4582;96.0;96.0
4583;96.0;96.0
4584;96.0;96.0
4585;96.0;96.0
4586;96.0;96.0
4587;96.0;96.0
4588;96.0;96.0
4589;96.0;96.0
4590;96.0;96.0
4591;96.0;96.0
4592;96.0;96.0
4593;96.0;96.0
4594;96.0;96.0
4595;96.0;96.0
4596;96.0;96.0
4597;96.0;96.0
4598;96.0;96.0
4599;96.0;96.0
4600;96.0;96.0
4601;96.0;96.0
4602;96.0;96.0
4603;96.0;96.0
4604;96.0;96.0
4605;96.0;96.0
4606;96.0;96.0
4607;96.0;96.0
4608;96.0;96.0
4609;96.0;96.0
4610;96.0;96.0
4611;96.0;96.0
4612;96.0;96.0
4613;96.0;96.0
4614;96.0;96.0
4615;96.0;96.0
4616;96.0;96.0
4617;96.0;96.0
4618;96.0;96.0
4619;96.0;96.0
4620;96.0;96.0
4621;96.0;96.0
4622;96.0;96.0
4623;96.0;96.0
4624;96.0;96.0
4625;96.0;96.0
4626;96.0;96.0
4627;96.0;96.0
4628;96.0;96.0
4629;96.0;96.0
4630;96.0;96.0
4631;96.0;96.0
4632;96.0;96.0
4633;96.0;96.0
4634;96.0;96.0
4635;96.0;96.0
4636;96.0;96.0
4637;96.0;96.0
4638;96.0;96.0
4639;96.0;96.0
4640;96.0;96.0
4641;96.0;96.0
4642;96.0;96.0
4643;96.0;96.0
4644;96.0;96.0
4645;96.0;96.0
4646;96.0;96.0
4647;96.0;96.0
4648;96.0;96.0
4649;96.0;96.0
4650;96.0;96.0
4651;96.0;96.0
4652;96.0;96.0
4653;96.0;96.0
4654;96.0;96.0
4655;96.0;96.0
4656;96.0;96.0
4657;96.0;96.0
4658;96.0;96.0
4659;96.0;96.0
4660;96.0;96.0
4661;96.0;96.0
4662;96.0;96.0
4663;96.0;96.0
4664;96.0;96.0
4665;96.0;96.0
4666;96.0;96.0
4667;96.0;96.0
4668;96.0;96.0
4669;96.0;96.0
4670;96.0;96.0
4671;96.0;96.0
4672;96.0;96.0
4673;96.0;96.0
4674;96.0;96.0
4675;96.0;96.0
4676;96.0;96.0
4677;96.0;96.0
4678;96.0;96.0
4679;96.0;96.0
4680;96.0;96.0
4681;96.0;96.0
4682;96.0;96.0
4683;96.0;96.0
4684;96.0;96.0
4685;96.0;96.0
4686;96.0;96.0
4687;96.0;96.0
4688;96.0;96.0
4689;96.0;96.0
4690;96.0;96.0
4691;96.0;96.0
4692;96.0;96.0
4693;96.0;96.0
4694;96.0;96.0
4695;96.0;96.0
4696;96.0;96.0
4697;96.0;96.0
4698;96.0;96.0
4699;96.0;96.0
4700;96.0;96.0
4701;96.0;96.0
4702;96.0;96.0
4703;96.0;96.0
4704;96.0;96.0
4705;96.0;96.0
4706;96.0;96.0
4707;96.0;96.0
4708;96.0;96.0
4709;96.0;96.0
4710;96.0;96.0
4711;96.0;96.0
4712;96.0;96.0
4713;96.0;96.0
4714;96.0;96.0
4715;96.0;96.0
4716;96.0;96.0
4717;96.0;96.0
4718;96.0;96.0
4719;96.0;96.0
4720;96.0;96.0
4721;96.0;96.0
4722;96.0;96.0
4723;96.0;96.0
4724;96.0;96.0
4725;96.0;96.0
4726;96.0;96.0
4727;96.0;96.0
4728;96.0;96.0
4729;96.0;96.0
4730;96.0;96.0
4731;96.0;96.0
4732;96.0;96.0
4733;96.0;96.0
4734;96.0;96.0
4735;96.0;96.0
4736;96.0;96.0
4737;96.0;96.0
4738;96.0;96.0
4739;96.0;96.0
4740;96.0;96.0
4741;96.0;96.0
4742;96.0;96.0
4743;96.0;96.0
4744;96.0;96.0
4745;96.0;96.0
4746;96.0;96.0
4747;96.0;96.0
4748;96.0;96.0
4749;96.0;96.0
4750;96.0;96.0
4751;96.0;96.0
4752;96.0;96.0
4753;96.0;96.0
4754;96.0;96.0
4755;96.0;96.0
4756;96.0;96.0
4757;96.0;96.0
4758;96.0;96.0
4759;96.0;96.0
4760;96.0;96.0
4761;96.0;96.0
4762;96.0;96.0
4763;96.0;96.0
4764;96.0;96.0
4765;96.0;96.0
4766;96.0;96.0
4767;96.0;96.0
4768;96.0;96.0
4769;96.0;96.0
4770;96.0;96.0
4771;96.0;96.0
4772;96.0;96.0
4773;96.0;96.0
4774;96.0;96.0
4775;96.0;96.0
4776;96.0;96.0
4777;96.0;96.0
4778;96.0;96.0
4779;96.0;96.0
4780;96.0;96.0
4781;96.0;96.0
4782;96.0;96.0
4783;96.0;96.0
4784;96.0;96.0
4785;96.0;96.0
4786;96.0;96.0
4787;96.0;96.0
4788;96.0;96.0
4789;96.0;96.0
4790;96.0;96.0
4791;96.0;96.0
4792;96.0;96.0
4793;96.0;96.0
4794;96.0;96.0
4795;96.0;96.0
4796;96.0;96.0
4797;96.0;96.0
4798;96.0;96.0
4799;96.0;96.0
4800;96.0;96.0
4801;96.0;96.0
4802;96.0;96.0
4803;96.0;96.0
4804;96.0;96.0
4805;96.0;96.0
4806;96.0;96.0
4807;96.0;96.0
4808;96.0;96.0
4809;96.0;96.0
4810;96.0;96.0
4811;96.0;96.0
4812;96.0;96.0
4813;96.0;96.0
4814;96.0;96.0
4815;96.0;96.0
4816;96.0;96.0
4817;96.0;96.0
4818;96.0;96.0
4819;96.0;96.0
4820;96.0;96.0
4821;96.0;96.0
4822;96.0;96.0
4823;96.0;96.0
4824;96.0;96.0
4825;96.0;96.0
4826;96.0;96.0
4827;96.0;96.0
4828;96.0;96.0
4829;96.0;96.0
4830;96.0;96.0
4831;96.0;96.0
4832;96.0;96.0
4833;96.0;96.0
4834;96.0;96.0
4835;96.0;96.0
4836;96.0;96.0
4837;96.0;96.0
4838;96.0;96.0
4839;96.0;96.0
4840;96.0;96.0
4841;96.0;96.0
4842;96.0;96.0
4843;96.0;96.0
4844;96.0;96.0
4845;96.0;96.0
4846;96.0;96.0
4847;96.0;96.0
4848;96.0;96.0
4849;96.0;96.0
4850;96.0;96.0
4851;96.0;96.0
4852;96.0;96.0
4853;96.0;96.0
4854;96.0;96.0
4855;96.0;96.0
4856;96.0;96.0
4857;96.0;96.0
4858;96.0;96.0
4859;96.0;96.0
4860;96.0;96.0
4861;96.0;96.0
4862;96.0;96.0
4863;96.0;96.0
4864;96.0;96.0
4865;96.0;96.0
4866;96.0;96.0
4867;96.0;96.0
4868;96.0;96.0
4869;96.0;96.0
4870;96.0;96.0
4871;96.0;96.0
4872;96.0;96.0
4873;96.0;96.0
4874;96.0;96.0
4875;96.0;96.0
4876;96.0;96.0
4877;96.0;96.0
4878;96.0;96.0
4879;96.0;96.0
4880;96.0;96.0
4881;96.0;96.0
4882;96.0;96.0
4883;96.0;96.0
4884;96.0;96.0
4885;96.0;96.0
4886;96.0;96.0
4887;96.0;96.0
4888;96.0;96.0
4889;96.0;96.0
4890;96.0;96.0
4891;96.0;96.0
4892;96.0;96.0
4893;96.0;96.0
4894;96.0;96.0
4895;96.0;96.0
4896;96.0;96.0
4897;96.0;96.0
4898;96.0;96.0
4899;96.0;96.0
4900;96.0;96.0
4901;96.0;96.0
4902;96.0;96.0
4903;96.0;96.0
4904;96.0;96.0
4905;96.0;96.0
4906;96.0;96.0
4907;96.0;96.0
4908;96.0;96.0
4909;96.0;96.0
4910;96.0;96.0
4911;96.0;96.0
4912;96.0;96.0
4913;96.0;96.0
4914;96.0;96.0
4915;96.0;96.0
4916;96.0;96.0
4917;96.0;96.0
4918;96.0;96.0
4919;96.0;96.0
4920;96.0;96.0
4921;96.0;96.0
4922;96.0;96.0
4923;96.0;96.0
4924;96.0;96.0
4925;96.0;96.0
4926;96.0;96.0
4927;96.0;96.0
4928;96.0;96.0
4929;96.0;96.0
4930;96.0;96.0
4931;96.0;96.0
4932;96.0;96.0
4933;96.0;96.0
4934;96.0;96.0
4935;96.0;96.0
4936;96.0;96.0
4937;96.0;96.0
4938;96.0;96.0
4939;96.0;96.0
4940;96.0;96.0
4941;96.0;96.0
4942;96.0;96.0
4943;96.0;96.0
4944;96.0;96.0
4945;96.0;96.0
4946;96.0;96.0
4947;96.0;96.0
4948;96.0;96.0
4949;96.0;96.0
4950;96.0;96.0
4951;96.0;96.0
4952;96.0;96.0
4953;96.0;96.0
4954;96.0;96.0
4955;96.0;96.0
4956;96.0;96.0
4957;96.0;96.0
4958;96.0;96.0
4959;96.0;96.0
4960;96.0;96.0
4961;96.0;96.0
4962;96.0;96.0
4963;96.0;96.0
4964;96.0;96.0
4965;96.0;96.0
4966;96.0;96.0
4967;96.0;96.0
4968;96.0;96.0
4969;96.0;96.0
4970;96.0;96.0
4971;96.0;96.0
4972;96.0;96.0
4973;96.0;96.0
4974;96.0;96.0
4975;96.0;96.0
4976;96.0;96.0
4977;96.0;96.0
4978;96.0;96.0
4979;96.0;96.0
4980;96.0;96.0
4981;96.0;96.0
4982;96.0;96.0
4983;96.0;96.0
4984;96.0;96.0
4985;96.0;96.0
4986;96.0;96.0
4987;96.0;96.0
4988;96.0;96.0
4989;96.0;96.0
4990;96.0;96.0
4991;96.0;96.0
4992;96.0;96.0
4993;96.0;96.0
4994;96.0;96.0
4995;96.0;96.0
4996;96.0;96.0
4997;96.0;96.0
4998;96.0;96.0
4999;96.0;96.0
5000;96.0;96.0
